Date,Date Key,Day Name,Day Number,Day Short Name,Month Name,Month Number,Month Short Name,Month Year,Qtr Number,Qtr Year,Year
1/3/2013 0:00,41277,Thursday,5,Thu,0-Jan-00,1,Jan,January 2013,1,"1, 2013",2013
1/5/2013 0:00,41279,Saturday,7,Sat,0-Jan-00,1,Jan,January 2013,1,"1, 2013",2013
1/7/2013 0:00,41281,Monday,2,Mon,0-Jan-00,1,Jan,January 2013,1,"1, 2013",2013
1/9/2013 0:00,41283,Wednesday,4,Wed,0-Jan-00,1,Jan,January 2013,1,"1, 2013",2013
1/11/2013 0:00,41285,Friday,6,Fri,0-Jan-00,1,Jan,January 2013,1,"1, 2013",2013
1/12/2013 0:00,41286,Saturday,7,Sat,0-Jan-00,1,Jan,January 2013,1,"1, 2013",2013
1/14/2013 0:00,41288,Monday,2,Mon,0-Jan-00,1,Jan,January 2013,1,"1, 2013",2013
1/15/2013 0:00,41289,Tuesday,3,Tue,0-Jan-00,1,Jan,January 2013,1,"1, 2013",2013
1/17/2013 0:00,41291,Thursday,5,Thu,0-Jan-00,1,Jan,January 2013,1,"1, 2013",2013
1/18/2013 0:00,41292,Friday,6,Fri,0-Jan-00,1,Jan,January 2013,1,"1, 2013",2013
1/19/2013 0:00,41293,Saturday,7,Sat,0-Jan-00,1,Jan,January 2013,1,"1, 2013",2013
1/21/2013 0:00,41295,Monday,2,Mon,0-Jan-00,1,Jan,January 2013,1,"1, 2013",2013
1/22/2013 0:00,41296,Tuesday,3,Tue,0-Jan-00,1,Jan,January 2013,1,"1, 2013",2013
1/23/2013 0:00,41297,Wednesday,4,Wed,0-Jan-00,1,Jan,January 2013,1,"1, 2013",2013
1/24/2013 0:00,41298,Thursday,5,Thu,0-Jan-00,1,Jan,January 2013,1,"1, 2013",2013
1/25/2013 0:00,41299,Friday,6,Fri,0-Jan-00,1,Jan,January 2013,1,"1, 2013",2013
1/26/2013 0:00,41300,Saturday,7,Sat,0-Jan-00,1,Jan,January 2013,1,"1, 2013",2013
1/28/2013 0:00,41302,Monday,2,Mon,0-Jan-00,1,Jan,January 2013,1,"1, 2013",2013
1/31/2013 0:00,41305,Thursday,5,Thu,0-Jan-00,1,Jan,January 2013,1,"1, 2013",2013
2/1/2013 0:00,41306,Friday,6,Fri,1-Jan-00,2,Feb,February 2013,1,"1, 2013",2013
2/5/2013 0:00,41310,Tuesday,3,Tue,1-Jan-00,2,Feb,February 2013,1,"1, 2013",2013
2/6/2013 0:00,41311,Wednesday,4,Wed,1-Jan-00,2,Feb,February 2013,1,"1, 2013",2013
2/7/2013 0:00,41312,Thursday,5,Thu,1-Jan-00,2,Feb,February 2013,1,"1, 2013",2013
2/8/2013 0:00,41313,Friday,6,Fri,1-Jan-00,2,Feb,February 2013,1,"1, 2013",2013
2/9/2013 0:00,41314,Saturday,7,Sat,1-Jan-00,2,Feb,February 2013,1,"1, 2013",2013
2/11/2013 0:00,41316,Monday,2,Mon,1-Jan-00,2,Feb,February 2013,1,"1, 2013",2013
2/13/2013 0:00,41318,Wednesday,4,Wed,1-Jan-00,2,Feb,February 2013,1,"1, 2013",2013
2/14/2013 0:00,41319,Thursday,5,Thu,1-Jan-00,2,Feb,February 2013,1,"1, 2013",2013
2/15/2013 0:00,41320,Friday,6,Fri,1-Jan-00,2,Feb,February 2013,1,"1, 2013",2013
2/18/2013 0:00,41323,Monday,2,Mon,1-Jan-00,2,Feb,February 2013,1,"1, 2013",2013
2/20/2013 0:00,41325,Wednesday,4,Wed,1-Jan-00,2,Feb,February 2013,1,"1, 2013",2013
2/21/2013 0:00,41326,Thursday,5,Thu,1-Jan-00,2,Feb,February 2013,1,"1, 2013",2013
2/22/2013 0:00,41327,Friday,6,Fri,1-Jan-00,2,Feb,February 2013,1,"1, 2013",2013
2/23/2013 0:00,41328,Saturday,7,Sat,1-Jan-00,2,Feb,February 2013,1,"1, 2013",2013
2/25/2013 0:00,41330,Monday,2,Mon,1-Jan-00,2,Feb,February 2013,1,"1, 2013",2013
2/26/2013 0:00,41331,Tuesday,3,Tue,1-Jan-00,2,Feb,February 2013,1,"1, 2013",2013
2/27/2013 0:00,41332,Wednesday,4,Wed,1-Jan-00,2,Feb,February 2013,1,"1, 2013",2013
2/28/2013 0:00,41333,Thursday,5,Thu,1-Jan-00,2,Feb,February 2013,1,"1, 2013",2013
3/1/2013 0:00,41334,Friday,6,Fri,2-Jan-00,3,Mar,March 2013,1,"1, 2013",2013
3/4/2013 0:00,41337,Monday,2,Mon,2-Jan-00,3,Mar,March 2013,1,"1, 2013",2013
3/6/2013 0:00,41339,Wednesday,4,Wed,2-Jan-00,3,Mar,March 2013,1,"1, 2013",2013
3/7/2013 0:00,41340,Thursday,5,Thu,2-Jan-00,3,Mar,March 2013,1,"1, 2013",2013
3/8/2013 0:00,41341,Friday,6,Fri,2-Jan-00,3,Mar,March 2013,1,"1, 2013",2013
3/9/2013 0:00,41342,Saturday,7,Sat,2-Jan-00,3,Mar,March 2013,1,"1, 2013",2013
3/11/2013 0:00,41344,Monday,2,Mon,2-Jan-00,3,Mar,March 2013,1,"1, 2013",2013
3/12/2013 0:00,41345,Tuesday,3,Tue,2-Jan-00,3,Mar,March 2013,1,"1, 2013",2013
3/15/2013 0:00,41348,Friday,6,Fri,2-Jan-00,3,Mar,March 2013,1,"1, 2013",2013
3/16/2013 0:00,41349,Saturday,7,Sat,2-Jan-00,3,Mar,March 2013,1,"1, 2013",2013
3/18/2013 0:00,41351,Monday,2,Mon,2-Jan-00,3,Mar,March 2013,1,"1, 2013",2013
3/19/2013 0:00,41352,Tuesday,3,Tue,2-Jan-00,3,Mar,March 2013,1,"1, 2013",2013
3/20/2013 0:00,41353,Wednesday,4,Wed,2-Jan-00,3,Mar,March 2013,1,"1, 2013",2013
3/21/2013 0:00,41354,Thursday,5,Thu,2-Jan-00,3,Mar,March 2013,1,"1, 2013",2013
3/22/2013 0:00,41355,Friday,6,Fri,2-Jan-00,3,Mar,March 2013,1,"1, 2013",2013
3/23/2013 0:00,41356,Saturday,7,Sat,2-Jan-00,3,Mar,March 2013,1,"1, 2013",2013
3/25/2013 0:00,41358,Monday,2,Mon,2-Jan-00,3,Mar,March 2013,1,"1, 2013",2013
3/27/2013 0:00,41360,Wednesday,4,Wed,2-Jan-00,3,Mar,March 2013,1,"1, 2013",2013
4/1/2013 0:00,41365,Monday,2,Mon,3-Jan-00,4,Apr,April 2013,2,"2, 2013",2013
4/2/2013 0:00,41366,Tuesday,3,Tue,3-Jan-00,4,Apr,April 2013,2,"2, 2013",2013
4/3/2013 0:00,41367,Wednesday,4,Wed,3-Jan-00,4,Apr,April 2013,2,"2, 2013",2013
4/4/2013 0:00,41368,Thursday,5,Thu,3-Jan-00,4,Apr,April 2013,2,"2, 2013",2013
4/5/2013 0:00,41369,Friday,6,Fri,3-Jan-00,4,Apr,April 2013,2,"2, 2013",2013
4/8/2013 0:00,41372,Monday,2,Mon,3-Jan-00,4,Apr,April 2013,2,"2, 2013",2013
4/9/2013 0:00,41373,Tuesday,3,Tue,3-Jan-00,4,Apr,April 2013,2,"2, 2013",2013
4/10/2013 0:00,41374,Wednesday,4,Wed,3-Jan-00,4,Apr,April 2013,2,"2, 2013",2013
4/11/2013 0:00,41375,Thursday,5,Thu,3-Jan-00,4,Apr,April 2013,2,"2, 2013",2013
4/12/2013 0:00,41376,Friday,6,Fri,3-Jan-00,4,Apr,April 2013,2,"2, 2013",2013
4/13/2013 0:00,41377,Saturday,7,Sat,3-Jan-00,4,Apr,April 2013,2,"2, 2013",2013
4/15/2013 0:00,41379,Monday,2,Mon,3-Jan-00,4,Apr,April 2013,2,"2, 2013",2013
4/16/2013 0:00,41380,Tuesday,3,Tue,3-Jan-00,4,Apr,April 2013,2,"2, 2013",2013
4/17/2013 0:00,41381,Wednesday,4,Wed,3-Jan-00,4,Apr,April 2013,2,"2, 2013",2013
4/18/2013 0:00,41382,Thursday,5,Thu,3-Jan-00,4,Apr,April 2013,2,"2, 2013",2013
4/19/2013 0:00,41383,Friday,6,Fri,3-Jan-00,4,Apr,April 2013,2,"2, 2013",2013
4/20/2013 0:00,41384,Saturday,7,Sat,3-Jan-00,4,Apr,April 2013,2,"2, 2013",2013
4/22/2013 0:00,41386,Monday,2,Mon,3-Jan-00,4,Apr,April 2013,2,"2, 2013",2013
4/23/2013 0:00,41387,Tuesday,3,Tue,3-Jan-00,4,Apr,April 2013,2,"2, 2013",2013
4/24/2013 0:00,41388,Wednesday,4,Wed,3-Jan-00,4,Apr,April 2013,2,"2, 2013",2013
4/25/2013 0:00,41389,Thursday,5,Thu,3-Jan-00,4,Apr,April 2013,2,"2, 2013",2013
4/30/2013 0:00,41394,Tuesday,3,Tue,3-Jan-00,4,Apr,April 2013,2,"2, 2013",2013
5/1/2013 0:00,41395,Wednesday,4,Wed,4-Jan-00,5,May,May 2013,2,"2, 2013",2013
5/3/2013 0:00,41397,Friday,6,Fri,4-Jan-00,5,May,May 2013,2,"2, 2013",2013
5/4/2013 0:00,41398,Saturday,7,Sat,4-Jan-00,5,May,May 2013,2,"2, 2013",2013
5/6/2013 0:00,41400,Monday,2,Mon,4-Jan-00,5,May,May 2013,2,"2, 2013",2013
5/8/2013 0:00,41402,Wednesday,4,Wed,4-Jan-00,5,May,May 2013,2,"2, 2013",2013
5/10/2013 0:00,41404,Friday,6,Fri,4-Jan-00,5,May,May 2013,2,"2, 2013",2013
5/13/2013 0:00,41407,Monday,2,Mon,4-Jan-00,5,May,May 2013,2,"2, 2013",2013
5/15/2013 0:00,41409,Wednesday,4,Wed,4-Jan-00,5,May,May 2013,2,"2, 2013",2013
5/16/2013 0:00,41410,Thursday,5,Thu,4-Jan-00,5,May,May 2013,2,"2, 2013",2013
5/20/2013 0:00,41414,Monday,2,Mon,4-Jan-00,5,May,May 2013,2,"2, 2013",2013
5/22/2013 0:00,41416,Wednesday,4,Wed,4-Jan-00,5,May,May 2013,2,"2, 2013",2013
5/23/2013 0:00,41417,Thursday,5,Thu,4-Jan-00,5,May,May 2013,2,"2, 2013",2013
5/24/2013 0:00,41418,Friday,6,Fri,4-Jan-00,5,May,May 2013,2,"2, 2013",2013
5/27/2013 0:00,41421,Monday,2,Mon,4-Jan-00,5,May,May 2013,2,"2, 2013",2013
5/29/2013 0:00,41423,Wednesday,4,Wed,4-Jan-00,5,May,May 2013,2,"2, 2013",2013
5/30/2013 0:00,41424,Thursday,5,Thu,4-Jan-00,5,May,May 2013,2,"2, 2013",2013
5/31/2013 0:00,41425,Friday,6,Fri,4-Jan-00,5,May,May 2013,2,"2, 2013",2013
6/1/2013 0:00,41426,Saturday,7,Sat,5-Jan-00,6,Jun,June 2013,2,"2, 2013",2013
6/3/2013 0:00,41428,Monday,2,Mon,5-Jan-00,6,Jun,June 2013,2,"2, 2013",2013
6/4/2013 0:00,41429,Tuesday,3,Tue,5-Jan-00,6,Jun,June 2013,2,"2, 2013",2013
6/5/2013 0:00,41430,Wednesday,4,Wed,5-Jan-00,6,Jun,June 2013,2,"2, 2013",2013
6/6/2013 0:00,41431,Thursday,5,Thu,5-Jan-00,6,Jun,June 2013,2,"2, 2013",2013
6/7/2013 0:00,41432,Friday,6,Fri,5-Jan-00,6,Jun,June 2013,2,"2, 2013",2013
6/8/2013 0:00,41433,Saturday,7,Sat,5-Jan-00,6,Jun,June 2013,2,"2, 2013",2013
6/10/2013 0:00,41435,Monday,2,Mon,5-Jan-00,6,Jun,June 2013,2,"2, 2013",2013
6/11/2013 0:00,41436,Tuesday,3,Tue,5-Jan-00,6,Jun,June 2013,2,"2, 2013",2013
6/12/2013 0:00,41437,Wednesday,4,Wed,5-Jan-00,6,Jun,June 2013,2,"2, 2013",2013
6/14/2013 0:00,41439,Friday,6,Fri,5-Jan-00,6,Jun,June 2013,2,"2, 2013",2013
6/15/2013 0:00,41440,Saturday,7,Sat,5-Jan-00,6,Jun,June 2013,2,"2, 2013",2013
6/17/2013 0:00,41442,Monday,2,Mon,5-Jan-00,6,Jun,June 2013,2,"2, 2013",2013
6/19/2013 0:00,41444,Wednesday,4,Wed,5-Jan-00,6,Jun,June 2013,2,"2, 2013",2013
6/20/2013 0:00,41445,Thursday,5,Thu,5-Jan-00,6,Jun,June 2013,2,"2, 2013",2013
6/21/2013 0:00,41446,Friday,6,Fri,5-Jan-00,6,Jun,June 2013,2,"2, 2013",2013
6/25/2013 0:00,41450,Tuesday,3,Tue,5-Jan-00,6,Jun,June 2013,2,"2, 2013",2013
6/27/2013 0:00,41452,Thursday,5,Thu,5-Jan-00,6,Jun,June 2013,2,"2, 2013",2013
6/28/2013 0:00,41453,Friday,6,Fri,5-Jan-00,6,Jun,June 2013,2,"2, 2013",2013
6/29/2013 0:00,41454,Saturday,7,Sat,5-Jan-00,6,Jun,June 2013,2,"2, 2013",2013
7/2/2013 0:00,41457,Tuesday,3,Tue,6-Jan-00,7,Jul,July 2013,3,"3, 2013",2013
7/3/2013 0:00,41458,Wednesday,4,Wed,6-Jan-00,7,Jul,July 2013,3,"3, 2013",2013
7/4/2013 0:00,41459,Thursday,5,Thu,6-Jan-00,7,Jul,July 2013,3,"3, 2013",2013
7/5/2013 0:00,41460,Friday,6,Fri,6-Jan-00,7,Jul,July 2013,3,"3, 2013",2013
7/6/2013 0:00,41461,Saturday,7,Sat,6-Jan-00,7,Jul,July 2013,3,"3, 2013",2013
7/8/2013 0:00,41463,Monday,2,Mon,6-Jan-00,7,Jul,July 2013,3,"3, 2013",2013
7/9/2013 0:00,41464,Tuesday,3,Tue,6-Jan-00,7,Jul,July 2013,3,"3, 2013",2013
7/10/2013 0:00,41465,Wednesday,4,Wed,6-Jan-00,7,Jul,July 2013,3,"3, 2013",2013
7/11/2013 0:00,41466,Thursday,5,Thu,6-Jan-00,7,Jul,July 2013,3,"3, 2013",2013
7/13/2013 0:00,41468,Saturday,7,Sat,6-Jan-00,7,Jul,July 2013,3,"3, 2013",2013
7/15/2013 0:00,41470,Monday,2,Mon,6-Jan-00,7,Jul,July 2013,3,"3, 2013",2013
7/16/2013 0:00,41471,Tuesday,3,Tue,6-Jan-00,7,Jul,July 2013,3,"3, 2013",2013
7/17/2013 0:00,41472,Wednesday,4,Wed,6-Jan-00,7,Jul,July 2013,3,"3, 2013",2013
7/18/2013 0:00,41473,Thursday,5,Thu,6-Jan-00,7,Jul,July 2013,3,"3, 2013",2013
7/19/2013 0:00,41474,Friday,6,Fri,6-Jan-00,7,Jul,July 2013,3,"3, 2013",2013
7/23/2013 0:00,41478,Tuesday,3,Tue,6-Jan-00,7,Jul,July 2013,3,"3, 2013",2013
7/24/2013 0:00,41479,Wednesday,4,Wed,6-Jan-00,7,Jul,July 2013,3,"3, 2013",2013
7/25/2013 0:00,41480,Thursday,5,Thu,6-Jan-00,7,Jul,July 2013,3,"3, 2013",2013
7/26/2013 0:00,41481,Friday,6,Fri,6-Jan-00,7,Jul,July 2013,3,"3, 2013",2013
7/27/2013 0:00,41482,Saturday,7,Sat,6-Jan-00,7,Jul,July 2013,3,"3, 2013",2013
7/29/2013 0:00,41484,Monday,2,Mon,6-Jan-00,7,Jul,July 2013,3,"3, 2013",2013
7/30/2013 0:00,41485,Tuesday,3,Tue,6-Jan-00,7,Jul,July 2013,3,"3, 2013",2013
7/31/2013 0:00,41486,Wednesday,4,Wed,6-Jan-00,7,Jul,July 2013,3,"3, 2013",2013
8/2/2013 0:00,41488,Friday,6,Fri,7-Jan-00,8,Aug,August 2013,3,"3, 2013",2013
8/5/2013 0:00,41491,Monday,2,Mon,7-Jan-00,8,Aug,August 2013,3,"3, 2013",2013
8/6/2013 0:00,41492,Tuesday,3,Tue,7-Jan-00,8,Aug,August 2013,3,"3, 2013",2013
8/7/2013 0:00,41493,Wednesday,4,Wed,7-Jan-00,8,Aug,August 2013,3,"3, 2013",2013
8/8/2013 0:00,41494,Thursday,5,Thu,7-Jan-00,8,Aug,August 2013,3,"3, 2013",2013
8/12/2013 0:00,41498,Monday,2,Mon,7-Jan-00,8,Aug,August 2013,3,"3, 2013",2013
8/13/2013 0:00,41499,Tuesday,3,Tue,7-Jan-00,8,Aug,August 2013,3,"3, 2013",2013
8/14/2013 0:00,41500,Wednesday,4,Wed,7-Jan-00,8,Aug,August 2013,3,"3, 2013",2013
8/15/2013 0:00,41501,Thursday,5,Thu,7-Jan-00,8,Aug,August 2013,3,"3, 2013",2013
8/16/2013 0:00,41502,Friday,6,Fri,7-Jan-00,8,Aug,August 2013,3,"3, 2013",2013
8/19/2013 0:00,41505,Monday,2,Mon,7-Jan-00,8,Aug,August 2013,3,"3, 2013",2013
8/20/2013 0:00,41506,Tuesday,3,Tue,7-Jan-00,8,Aug,August 2013,3,"3, 2013",2013
8/22/2013 0:00,41508,Thursday,5,Thu,7-Jan-00,8,Aug,August 2013,3,"3, 2013",2013
8/26/2013 0:00,41512,Monday,2,Mon,7-Jan-00,8,Aug,August 2013,3,"3, 2013",2013
8/27/2013 0:00,41513,Tuesday,3,Tue,7-Jan-00,8,Aug,August 2013,3,"3, 2013",2013
8/28/2013 0:00,41514,Wednesday,4,Wed,7-Jan-00,8,Aug,August 2013,3,"3, 2013",2013
8/30/2013 0:00,41516,Friday,6,Fri,7-Jan-00,8,Aug,August 2013,3,"3, 2013",2013
9/3/2013 0:00,41520,Tuesday,3,Tue,8-Jan-00,9,Sep,September 2013,3,"3, 2013",2013
9/4/2013 0:00,41521,Wednesday,4,Wed,8-Jan-00,9,Sep,September 2013,3,"3, 2013",2013
9/6/2013 0:00,41523,Friday,6,Fri,8-Jan-00,9,Sep,September 2013,3,"3, 2013",2013
9/9/2013 0:00,41526,Monday,2,Mon,8-Jan-00,9,Sep,September 2013,3,"3, 2013",2013
9/10/2013 0:00,41527,Tuesday,3,Tue,8-Jan-00,9,Sep,September 2013,3,"3, 2013",2013
9/12/2013 0:00,41529,Thursday,5,Thu,8-Jan-00,9,Sep,September 2013,3,"3, 2013",2013
9/13/2013 0:00,41530,Friday,6,Fri,8-Jan-00,9,Sep,September 2013,3,"3, 2013",2013
9/14/2013 0:00,41531,Saturday,7,Sat,8-Jan-00,9,Sep,September 2013,3,"3, 2013",2013
9/17/2013 0:00,41534,Tuesday,3,Tue,8-Jan-00,9,Sep,September 2013,3,"3, 2013",2013
9/18/2013 0:00,41535,Wednesday,4,Wed,8-Jan-00,9,Sep,September 2013,3,"3, 2013",2013
9/19/2013 0:00,41536,Thursday,5,Thu,8-Jan-00,9,Sep,September 2013,3,"3, 2013",2013
9/21/2013 0:00,41538,Saturday,7,Sat,8-Jan-00,9,Sep,September 2013,3,"3, 2013",2013
9/23/2013 0:00,41540,Monday,2,Mon,8-Jan-00,9,Sep,September 2013,3,"3, 2013",2013
9/24/2013 0:00,41541,Tuesday,3,Tue,8-Jan-00,9,Sep,September 2013,3,"3, 2013",2013
9/25/2013 0:00,41542,Wednesday,4,Wed,8-Jan-00,9,Sep,September 2013,3,"3, 2013",2013
9/26/2013 0:00,41543,Thursday,5,Thu,8-Jan-00,9,Sep,September 2013,3,"3, 2013",2013
9/27/2013 0:00,41544,Friday,6,Fri,8-Jan-00,9,Sep,September 2013,3,"3, 2013",2013
9/28/2013 0:00,41545,Saturday,7,Sat,8-Jan-00,9,Sep,September 2013,3,"3, 2013",2013
9/30/2013 0:00,41547,Monday,2,Mon,8-Jan-00,9,Sep,September 2013,3,"3, 2013",2013
10/1/2013 0:00,41548,Tuesday,3,Tue,9-Jan-00,10,Oct,October 2013,4,"4, 2013",2013
10/2/2013 0:00,41549,Wednesday,4,Wed,9-Jan-00,10,Oct,October 2013,4,"4, 2013",2013
10/7/2013 0:00,41554,Monday,2,Mon,9-Jan-00,10,Oct,October 2013,4,"4, 2013",2013
10/12/2013 0:00,41559,Saturday,7,Sat,9-Jan-00,10,Oct,October 2013,4,"4, 2013",2013
10/14/2013 0:00,41561,Monday,2,Mon,9-Jan-00,10,Oct,October 2013,4,"4, 2013",2013
10/15/2013 0:00,41562,Tuesday,3,Tue,9-Jan-00,10,Oct,October 2013,4,"4, 2013",2013
10/17/2013 0:00,41564,Thursday,5,Thu,9-Jan-00,10,Oct,October 2013,4,"4, 2013",2013
10/19/2013 0:00,41566,Saturday,7,Sat,9-Jan-00,10,Oct,October 2013,4,"4, 2013",2013
10/21/2013 0:00,41568,Monday,2,Mon,9-Jan-00,10,Oct,October 2013,4,"4, 2013",2013
1/1/2013 0:00,41275,Tuesday,3,Tue,0-Jan-00,1,Jan,January 2013,1,"1, 2013",2013
1/2/2013 0:00,41276,Wednesday,4,Wed,0-Jan-00,1,Jan,January 2013,1,"1, 2013",2013
1/4/2013 0:00,41278,Friday,6,Fri,0-Jan-00,1,Jan,January 2013,1,"1, 2013",2013
1/8/2013 0:00,41282,Tuesday,3,Tue,0-Jan-00,1,Jan,January 2013,1,"1, 2013",2013
1/16/2013 0:00,41290,Wednesday,4,Wed,0-Jan-00,1,Jan,January 2013,1,"1, 2013",2013
1/29/2013 0:00,41303,Tuesday,3,Tue,0-Jan-00,1,Jan,January 2013,1,"1, 2013",2013
1/30/2013 0:00,41304,Wednesday,4,Wed,0-Jan-00,1,Jan,January 2013,1,"1, 2013",2013
2/2/2013 0:00,41307,Saturday,7,Sat,1-Jan-00,2,Feb,February 2013,1,"1, 2013",2013
2/4/2013 0:00,41309,Monday,2,Mon,1-Jan-00,2,Feb,February 2013,1,"1, 2013",2013
2/12/2013 0:00,41317,Tuesday,3,Tue,1-Jan-00,2,Feb,February 2013,1,"1, 2013",2013
2/16/2013 0:00,41321,Saturday,7,Sat,1-Jan-00,2,Feb,February 2013,1,"1, 2013",2013
3/13/2013 0:00,41346,Wednesday,4,Wed,2-Jan-00,3,Mar,March 2013,1,"1, 2013",2013
3/14/2013 0:00,41347,Thursday,5,Thu,2-Jan-00,3,Mar,March 2013,1,"1, 2013",2013
3/26/2013 0:00,41359,Tuesday,3,Tue,2-Jan-00,3,Mar,March 2013,1,"1, 2013",2013
3/28/2013 0:00,41361,Thursday,5,Thu,2-Jan-00,3,Mar,March 2013,1,"1, 2013",2013
3/30/2013 0:00,41363,Saturday,7,Sat,2-Jan-00,3,Mar,March 2013,1,"1, 2013",2013
4/26/2013 0:00,41390,Friday,6,Fri,3-Jan-00,4,Apr,April 2013,2,"2, 2013",2013
4/27/2013 0:00,41391,Saturday,7,Sat,3-Jan-00,4,Apr,April 2013,2,"2, 2013",2013
5/2/2013 0:00,41396,Thursday,5,Thu,4-Jan-00,5,May,May 2013,2,"2, 2013",2013
5/9/2013 0:00,41403,Thursday,5,Thu,4-Jan-00,5,May,May 2013,2,"2, 2013",2013
5/17/2013 0:00,41411,Friday,6,Fri,4-Jan-00,5,May,May 2013,2,"2, 2013",2013
5/18/2013 0:00,41412,Saturday,7,Sat,4-Jan-00,5,May,May 2013,2,"2, 2013",2013
5/25/2013 0:00,41419,Saturday,7,Sat,4-Jan-00,5,May,May 2013,2,"2, 2013",2013
5/28/2013 0:00,41422,Tuesday,3,Tue,4-Jan-00,5,May,May 2013,2,"2, 2013",2013
6/13/2013 0:00,41438,Thursday,5,Thu,5-Jan-00,6,Jun,June 2013,2,"2, 2013",2013
6/22/2013 0:00,41447,Saturday,7,Sat,5-Jan-00,6,Jun,June 2013,2,"2, 2013",2013
6/24/2013 0:00,41449,Monday,2,Mon,5-Jan-00,6,Jun,June 2013,2,"2, 2013",2013
6/26/2013 0:00,41451,Wednesday,4,Wed,5-Jan-00,6,Jun,June 2013,2,"2, 2013",2013
7/1/2013 0:00,41456,Monday,2,Mon,6-Jan-00,7,Jul,July 2013,3,"3, 2013",2013
7/20/2013 0:00,41475,Saturday,7,Sat,6-Jan-00,7,Jul,July 2013,3,"3, 2013",2013
7/22/2013 0:00,41477,Monday,2,Mon,6-Jan-00,7,Jul,July 2013,3,"3, 2013",2013
8/3/2013 0:00,41489,Saturday,7,Sat,7-Jan-00,8,Aug,August 2013,3,"3, 2013",2013
8/9/2013 0:00,41495,Friday,6,Fri,7-Jan-00,8,Aug,August 2013,3,"3, 2013",2013
8/21/2013 0:00,41507,Wednesday,4,Wed,7-Jan-00,8,Aug,August 2013,3,"3, 2013",2013
8/23/2013 0:00,41509,Friday,6,Fri,7-Jan-00,8,Aug,August 2013,3,"3, 2013",2013
8/29/2013 0:00,41515,Thursday,5,Thu,7-Jan-00,8,Aug,August 2013,3,"3, 2013",2013
8/31/2013 0:00,41517,Saturday,7,Sat,7-Jan-00,8,Aug,August 2013,3,"3, 2013",2013
9/5/2013 0:00,41522,Thursday,5,Thu,8-Jan-00,9,Sep,September 2013,3,"3, 2013",2013
9/16/2013 0:00,41533,Monday,2,Mon,8-Jan-00,9,Sep,September 2013,3,"3, 2013",2013
10/4/2013 0:00,41551,Friday,6,Fri,9-Jan-00,10,Oct,October 2013,4,"4, 2013",2013
10/10/2013 0:00,41557,Thursday,5,Thu,9-Jan-00,10,Oct,October 2013,4,"4, 2013",2013
10/11/2013 0:00,41558,Friday,6,Fri,9-Jan-00,10,Oct,October 2013,4,"4, 2013",2013
10/18/2013 0:00,41565,Friday,6,Fri,9-Jan-00,10,Oct,October 2013,4,"4, 2013",2013
1/10/2013 0:00,41284,Thursday,5,Thu,0-Jan-00,1,Jan,January 2013,1,"1, 2013",2013
3/2/2013 0:00,41335,Saturday,7,Sat,2-Jan-00,3,Mar,March 2013,1,"1, 2013",2013
3/5/2013 0:00,41338,Tuesday,3,Tue,2-Jan-00,3,Mar,March 2013,1,"1, 2013",2013
3/29/2013 0:00,41362,Friday,6,Fri,2-Jan-00,3,Mar,March 2013,1,"1, 2013",2013
5/14/2013 0:00,41408,Tuesday,3,Tue,4-Jan-00,5,May,May 2013,2,"2, 2013",2013
5/21/2013 0:00,41415,Tuesday,3,Tue,4-Jan-00,5,May,May 2013,2,"2, 2013",2013
6/18/2013 0:00,41443,Tuesday,3,Tue,5-Jan-00,6,Jun,June 2013,2,"2, 2013",2013
7/12/2013 0:00,41467,Friday,6,Fri,6-Jan-00,7,Jul,July 2013,3,"3, 2013",2013
8/1/2013 0:00,41487,Thursday,5,Thu,7-Jan-00,8,Aug,August 2013,3,"3, 2013",2013
8/10/2013 0:00,41496,Saturday,7,Sat,7-Jan-00,8,Aug,August 2013,3,"3, 2013",2013
8/17/2013 0:00,41503,Saturday,7,Sat,7-Jan-00,8,Aug,August 2013,3,"3, 2013",2013
8/24/2013 0:00,41510,Saturday,7,Sat,7-Jan-00,8,Aug,August 2013,3,"3, 2013",2013
9/2/2013 0:00,41519,Monday,2,Mon,8-Jan-00,9,Sep,September 2013,3,"3, 2013",2013
9/11/2013 0:00,41528,Wednesday,4,Wed,8-Jan-00,9,Sep,September 2013,3,"3, 2013",2013
10/3/2013 0:00,41550,Thursday,5,Thu,9-Jan-00,10,Oct,October 2013,4,"4, 2013",2013
10/5/2013 0:00,41552,Saturday,7,Sat,9-Jan-00,10,Oct,October 2013,4,"4, 2013",2013
10/8/2013 0:00,41555,Tuesday,3,Tue,9-Jan-00,10,Oct,October 2013,4,"4, 2013",2013
10/9/2013 0:00,41556,Wednesday,4,Wed,9-Jan-00,10,Oct,October 2013,4,"4, 2013",2013
10/16/2013 0:00,41563,Wednesday,4,Wed,9-Jan-00,10,Oct,October 2013,4,"4, 2013",2013
2/19/2013 0:00,41324,Tuesday,3,Tue,1-Jan-00,2,Feb,February 2013,1,"1, 2013",2013
5/11/2013 0:00,41405,Saturday,7,Sat,4-Jan-00,5,May,May 2013,2,"2, 2013",2013
9/7/2013 0:00,41524,Saturday,7,Sat,8-Jan-00,9,Sep,September 2013,3,"3, 2013",2013
4/6/2013 0:00,41370,Saturday,7,Sat,3-Jan-00,4,Apr,April 2013,2,"2, 2013",2013
4/29/2013 0:00,41393,Monday,2,Mon,3-Jan-00,4,Apr,April 2013,2,"2, 2013",2013
9/20/2013 0:00,41537,Friday,6,Fri,8-Jan-00,9,Sep,September 2013,3,"3, 2013",2013
5/7/2013 0:00,41401,Tuesday,3,Tue,4-Jan-00,5,May,May 2013,2,"2, 2013",2013
10/22/2013 0:00,41569,Tuesday,3,Tue,9-Jan-00,10,Oct,October 2013,4,"4, 2013",2013
10/24/2013 0:00,41571,Thursday,5,Thu,9-Jan-00,10,Oct,October 2013,4,"4, 2013",2013
10/25/2013 0:00,41572,Friday,6,Fri,9-Jan-00,10,Oct,October 2013,4,"4, 2013",2013
10/26/2013 0:00,41573,Saturday,7,Sat,9-Jan-00,10,Oct,October 2013,4,"4, 2013",2013
10/28/2013 0:00,41575,Monday,2,Mon,9-Jan-00,10,Oct,October 2013,4,"4, 2013",2013
10/29/2013 0:00,41576,Tuesday,3,Tue,9-Jan-00,10,Oct,October 2013,4,"4, 2013",2013
10/30/2013 0:00,41577,Wednesday,4,Wed,9-Jan-00,10,Oct,October 2013,4,"4, 2013",2013
11/4/2013 0:00,41582,Monday,2,Mon,10-Jan-00,11,Nov,November 2013,4,"4, 2013",2013
11/5/2013 0:00,41583,Tuesday,3,Tue,10-Jan-00,11,Nov,November 2013,4,"4, 2013",2013
11/6/2013 0:00,41584,Wednesday,4,Wed,10-Jan-00,11,Nov,November 2013,4,"4, 2013",2013
11/7/2013 0:00,41585,Thursday,5,Thu,10-Jan-00,11,Nov,November 2013,4,"4, 2013",2013
11/8/2013 0:00,41586,Friday,6,Fri,10-Jan-00,11,Nov,November 2013,4,"4, 2013",2013
11/9/2013 0:00,41587,Saturday,7,Sat,10-Jan-00,11,Nov,November 2013,4,"4, 2013",2013
11/12/2013 0:00,41590,Tuesday,3,Tue,10-Jan-00,11,Nov,November 2013,4,"4, 2013",2013
11/13/2013 0:00,41591,Wednesday,4,Wed,10-Jan-00,11,Nov,November 2013,4,"4, 2013",2013
11/14/2013 0:00,41592,Thursday,5,Thu,10-Jan-00,11,Nov,November 2013,4,"4, 2013",2013
11/15/2013 0:00,41593,Friday,6,Fri,10-Jan-00,11,Nov,November 2013,4,"4, 2013",2013
11/16/2013 0:00,41594,Saturday,7,Sat,10-Jan-00,11,Nov,November 2013,4,"4, 2013",2013
11/18/2013 0:00,41596,Monday,2,Mon,10-Jan-00,11,Nov,November 2013,4,"4, 2013",2013
11/20/2013 0:00,41598,Wednesday,4,Wed,10-Jan-00,11,Nov,November 2013,4,"4, 2013",2013
11/22/2013 0:00,41600,Friday,6,Fri,10-Jan-00,11,Nov,November 2013,4,"4, 2013",2013
11/25/2013 0:00,41603,Monday,2,Mon,10-Jan-00,11,Nov,November 2013,4,"4, 2013",2013
11/26/2013 0:00,41604,Tuesday,3,Tue,10-Jan-00,11,Nov,November 2013,4,"4, 2013",2013
11/28/2013 0:00,41606,Thursday,5,Thu,10-Jan-00,11,Nov,November 2013,4,"4, 2013",2013
11/29/2013 0:00,41607,Friday,6,Fri,10-Jan-00,11,Nov,November 2013,4,"4, 2013",2013
12/2/2013 0:00,41610,Monday,2,Mon,11-Jan-00,12,Dec,December 2013,4,"4, 2013",2013
12/3/2013 0:00,41611,Tuesday,3,Tue,11-Jan-00,12,Dec,December 2013,4,"4, 2013",2013
12/4/2013 0:00,41612,Wednesday,4,Wed,11-Jan-00,12,Dec,December 2013,4,"4, 2013",2013
12/5/2013 0:00,41613,Thursday,5,Thu,11-Jan-00,12,Dec,December 2013,4,"4, 2013",2013
12/6/2013 0:00,41614,Friday,6,Fri,11-Jan-00,12,Dec,December 2013,4,"4, 2013",2013
12/7/2013 0:00,41615,Saturday,7,Sat,11-Jan-00,12,Dec,December 2013,4,"4, 2013",2013
12/9/2013 0:00,41617,Monday,2,Mon,11-Jan-00,12,Dec,December 2013,4,"4, 2013",2013
12/12/2013 0:00,41620,Thursday,5,Thu,11-Jan-00,12,Dec,December 2013,4,"4, 2013",2013
12/13/2013 0:00,41621,Friday,6,Fri,11-Jan-00,12,Dec,December 2013,4,"4, 2013",2013
12/16/2013 0:00,41624,Monday,2,Mon,11-Jan-00,12,Dec,December 2013,4,"4, 2013",2013
12/17/2013 0:00,41625,Tuesday,3,Tue,11-Jan-00,12,Dec,December 2013,4,"4, 2013",2013
12/19/2013 0:00,41627,Thursday,5,Thu,11-Jan-00,12,Dec,December 2013,4,"4, 2013",2013
12/21/2013 0:00,41629,Saturday,7,Sat,11-Jan-00,12,Dec,December 2013,4,"4, 2013",2013
12/23/2013 0:00,41631,Monday,2,Mon,11-Jan-00,12,Dec,December 2013,4,"4, 2013",2013
12/25/2013 0:00,41633,Wednesday,4,Wed,11-Jan-00,12,Dec,December 2013,4,"4, 2013",2013
12/26/2013 0:00,41634,Thursday,5,Thu,11-Jan-00,12,Dec,December 2013,4,"4, 2013",2013
12/27/2013 0:00,41635,Friday,6,Fri,11-Jan-00,12,Dec,December 2013,4,"4, 2013",2013
12/30/2013 0:00,41638,Monday,2,Mon,11-Jan-00,12,Dec,December 2013,4,"4, 2013",2013
12/31/2013 0:00,41639,Tuesday,3,Tue,11-Jan-00,12,Dec,December 2013,4,"4, 2013",2013
10/23/2013 0:00,41570,Wednesday,4,Wed,9-Jan-00,10,Oct,October 2013,4,"4, 2013",2013
10/31/2013 0:00,41578,Thursday,5,Thu,9-Jan-00,10,Oct,October 2013,4,"4, 2013",2013
11/1/2013 0:00,41579,Friday,6,Fri,10-Jan-00,11,Nov,November 2013,4,"4, 2013",2013
11/11/2013 0:00,41589,Monday,2,Mon,10-Jan-00,11,Nov,November 2013,4,"4, 2013",2013
11/21/2013 0:00,41599,Thursday,5,Thu,10-Jan-00,11,Nov,November 2013,4,"4, 2013",2013
11/23/2013 0:00,41601,Saturday,7,Sat,10-Jan-00,11,Nov,November 2013,4,"4, 2013",2013
11/27/2013 0:00,41605,Wednesday,4,Wed,10-Jan-00,11,Nov,November 2013,4,"4, 2013",2013
12/10/2013 0:00,41618,Tuesday,3,Tue,11-Jan-00,12,Dec,December 2013,4,"4, 2013",2013
12/11/2013 0:00,41619,Wednesday,4,Wed,11-Jan-00,12,Dec,December 2013,4,"4, 2013",2013
12/14/2013 0:00,41622,Saturday,7,Sat,11-Jan-00,12,Dec,December 2013,4,"4, 2013",2013
12/18/2013 0:00,41626,Wednesday,4,Wed,11-Jan-00,12,Dec,December 2013,4,"4, 2013",2013
12/24/2013 0:00,41632,Tuesday,3,Tue,11-Jan-00,12,Dec,December 2013,4,"4, 2013",2013
11/2/2013 0:00,41580,Saturday,7,Sat,10-Jan-00,11,Nov,November 2013,4,"4, 2013",2013
11/19/2013 0:00,41597,Tuesday,3,Tue,10-Jan-00,11,Nov,November 2013,4,"4, 2013",2013
12/20/2013 0:00,41628,Friday,6,Fri,11-Jan-00,12,Dec,December 2013,4,"4, 2013",2013
11/30/2013 0:00,41608,Saturday,7,Sat,10-Jan-00,11,Nov,November 2013,4,"4, 2013",2013
12/28/2013 0:00,41636,Saturday,7,Sat,11-Jan-00,12,Dec,December 2013,4,"4, 2013",2013
1/1/2014 0:00,41640,Wednesday,4,Wed,0-Jan-00,1,Jan,January 2014,1,"1, 2014",2014
1/3/2014 0:00,41642,Friday,6,Fri,0-Jan-00,1,Jan,January 2014,1,"1, 2014",2014
1/6/2014 0:00,41645,Monday,2,Mon,0-Jan-00,1,Jan,January 2014,1,"1, 2014",2014
1/7/2014 0:00,41646,Tuesday,3,Tue,0-Jan-00,1,Jan,January 2014,1,"1, 2014",2014
1/8/2014 0:00,41647,Wednesday,4,Wed,0-Jan-00,1,Jan,January 2014,1,"1, 2014",2014
1/13/2014 0:00,41652,Monday,2,Mon,0-Jan-00,1,Jan,January 2014,1,"1, 2014",2014
1/14/2014 0:00,41653,Tuesday,3,Tue,0-Jan-00,1,Jan,January 2014,1,"1, 2014",2014
1/15/2014 0:00,41654,Wednesday,4,Wed,0-Jan-00,1,Jan,January 2014,1,"1, 2014",2014
1/16/2014 0:00,41655,Thursday,5,Thu,0-Jan-00,1,Jan,January 2014,1,"1, 2014",2014
1/17/2014 0:00,41656,Friday,6,Fri,0-Jan-00,1,Jan,January 2014,1,"1, 2014",2014
1/20/2014 0:00,41659,Monday,2,Mon,0-Jan-00,1,Jan,January 2014,1,"1, 2014",2014
1/21/2014 0:00,41660,Tuesday,3,Tue,0-Jan-00,1,Jan,January 2014,1,"1, 2014",2014
1/22/2014 0:00,41661,Wednesday,4,Wed,0-Jan-00,1,Jan,January 2014,1,"1, 2014",2014
1/24/2014 0:00,41663,Friday,6,Fri,0-Jan-00,1,Jan,January 2014,1,"1, 2014",2014
1/25/2014 0:00,41664,Saturday,7,Sat,0-Jan-00,1,Jan,January 2014,1,"1, 2014",2014
1/27/2014 0:00,41666,Monday,2,Mon,0-Jan-00,1,Jan,January 2014,1,"1, 2014",2014
1/28/2014 0:00,41667,Tuesday,3,Tue,0-Jan-00,1,Jan,January 2014,1,"1, 2014",2014
1/29/2014 0:00,41668,Wednesday,4,Wed,0-Jan-00,1,Jan,January 2014,1,"1, 2014",2014
1/31/2014 0:00,41670,Friday,6,Fri,0-Jan-00,1,Jan,January 2014,1,"1, 2014",2014
2/3/2014 0:00,41673,Monday,2,Mon,1-Jan-00,2,Feb,February 2014,1,"1, 2014",2014
2/4/2014 0:00,41674,Tuesday,3,Tue,1-Jan-00,2,Feb,February 2014,1,"1, 2014",2014
2/5/2014 0:00,41675,Wednesday,4,Wed,1-Jan-00,2,Feb,February 2014,1,"1, 2014",2014
2/7/2014 0:00,41677,Friday,6,Fri,1-Jan-00,2,Feb,February 2014,1,"1, 2014",2014
2/10/2014 0:00,41680,Monday,2,Mon,1-Jan-00,2,Feb,February 2014,1,"1, 2014",2014
2/11/2014 0:00,41681,Tuesday,3,Tue,1-Jan-00,2,Feb,February 2014,1,"1, 2014",2014
2/12/2014 0:00,41682,Wednesday,4,Wed,1-Jan-00,2,Feb,February 2014,1,"1, 2014",2014
2/13/2014 0:00,41683,Thursday,5,Thu,1-Jan-00,2,Feb,February 2014,1,"1, 2014",2014
2/14/2014 0:00,41684,Friday,6,Fri,1-Jan-00,2,Feb,February 2014,1,"1, 2014",2014
2/18/2014 0:00,41688,Tuesday,3,Tue,1-Jan-00,2,Feb,February 2014,1,"1, 2014",2014
2/20/2014 0:00,41690,Thursday,5,Thu,1-Jan-00,2,Feb,February 2014,1,"1, 2014",2014
2/21/2014 0:00,41691,Friday,6,Fri,1-Jan-00,2,Feb,February 2014,1,"1, 2014",2014
2/22/2014 0:00,41692,Saturday,7,Sat,1-Jan-00,2,Feb,February 2014,1,"1, 2014",2014
2/24/2014 0:00,41694,Monday,2,Mon,1-Jan-00,2,Feb,February 2014,1,"1, 2014",2014
2/25/2014 0:00,41695,Tuesday,3,Tue,1-Jan-00,2,Feb,February 2014,1,"1, 2014",2014
2/26/2014 0:00,41696,Wednesday,4,Wed,1-Jan-00,2,Feb,February 2014,1,"1, 2014",2014
2/27/2014 0:00,41697,Thursday,5,Thu,1-Jan-00,2,Feb,February 2014,1,"1, 2014",2014
2/28/2014 0:00,41698,Friday,6,Fri,1-Jan-00,2,Feb,February 2014,1,"1, 2014",2014
3/3/2014 0:00,41701,Monday,2,Mon,2-Jan-00,3,Mar,March 2014,1,"1, 2014",2014
3/4/2014 0:00,41702,Tuesday,3,Tue,2-Jan-00,3,Mar,March 2014,1,"1, 2014",2014
3/5/2014 0:00,41703,Wednesday,4,Wed,2-Jan-00,3,Mar,March 2014,1,"1, 2014",2014
3/6/2014 0:00,41704,Thursday,5,Thu,2-Jan-00,3,Mar,March 2014,1,"1, 2014",2014
3/8/2014 0:00,41706,Saturday,7,Sat,2-Jan-00,3,Mar,March 2014,1,"1, 2014",2014
3/10/2014 0:00,41708,Monday,2,Mon,2-Jan-00,3,Mar,March 2014,1,"1, 2014",2014
3/12/2014 0:00,41710,Wednesday,4,Wed,2-Jan-00,3,Mar,March 2014,1,"1, 2014",2014
3/13/2014 0:00,41711,Thursday,5,Thu,2-Jan-00,3,Mar,March 2014,1,"1, 2014",2014
3/14/2014 0:00,41712,Friday,6,Fri,2-Jan-00,3,Mar,March 2014,1,"1, 2014",2014
3/15/2014 0:00,41713,Saturday,7,Sat,2-Jan-00,3,Mar,March 2014,1,"1, 2014",2014
3/17/2014 0:00,41715,Monday,2,Mon,2-Jan-00,3,Mar,March 2014,1,"1, 2014",2014
3/19/2014 0:00,41717,Wednesday,4,Wed,2-Jan-00,3,Mar,March 2014,1,"1, 2014",2014
3/20/2014 0:00,41718,Thursday,5,Thu,2-Jan-00,3,Mar,March 2014,1,"1, 2014",2014
3/21/2014 0:00,41719,Friday,6,Fri,2-Jan-00,3,Mar,March 2014,1,"1, 2014",2014
3/22/2014 0:00,41720,Saturday,7,Sat,2-Jan-00,3,Mar,March 2014,1,"1, 2014",2014
3/24/2014 0:00,41722,Monday,2,Mon,2-Jan-00,3,Mar,March 2014,1,"1, 2014",2014
3/25/2014 0:00,41723,Tuesday,3,Tue,2-Jan-00,3,Mar,March 2014,1,"1, 2014",2014
3/28/2014 0:00,41726,Friday,6,Fri,2-Jan-00,3,Mar,March 2014,1,"1, 2014",2014
3/29/2014 0:00,41727,Saturday,7,Sat,2-Jan-00,3,Mar,March 2014,1,"1, 2014",2014
3/31/2014 0:00,41729,Monday,2,Mon,2-Jan-00,3,Mar,March 2014,1,"1, 2014",2014
4/1/2014 0:00,41730,Tuesday,3,Tue,3-Jan-00,4,Apr,April 2014,2,"2, 2014",2014
4/3/2014 0:00,41732,Thursday,5,Thu,3-Jan-00,4,Apr,April 2014,2,"2, 2014",2014
4/4/2014 0:00,41733,Friday,6,Fri,3-Jan-00,4,Apr,April 2014,2,"2, 2014",2014
4/7/2014 0:00,41736,Monday,2,Mon,3-Jan-00,4,Apr,April 2014,2,"2, 2014",2014
4/8/2014 0:00,41737,Tuesday,3,Tue,3-Jan-00,4,Apr,April 2014,2,"2, 2014",2014
4/9/2014 0:00,41738,Wednesday,4,Wed,3-Jan-00,4,Apr,April 2014,2,"2, 2014",2014
4/10/2014 0:00,41739,Thursday,5,Thu,3-Jan-00,4,Apr,April 2014,2,"2, 2014",2014
4/11/2014 0:00,41740,Friday,6,Fri,3-Jan-00,4,Apr,April 2014,2,"2, 2014",2014
4/14/2014 0:00,41743,Monday,2,Mon,3-Jan-00,4,Apr,April 2014,2,"2, 2014",2014
4/15/2014 0:00,41744,Tuesday,3,Tue,3-Jan-00,4,Apr,April 2014,2,"2, 2014",2014
4/16/2014 0:00,41745,Wednesday,4,Wed,3-Jan-00,4,Apr,April 2014,2,"2, 2014",2014
4/18/2014 0:00,41747,Friday,6,Fri,3-Jan-00,4,Apr,April 2014,2,"2, 2014",2014
4/21/2014 0:00,41750,Monday,2,Mon,3-Jan-00,4,Apr,April 2014,2,"2, 2014",2014
4/22/2014 0:00,41751,Tuesday,3,Tue,3-Jan-00,4,Apr,April 2014,2,"2, 2014",2014
4/23/2014 0:00,41752,Wednesday,4,Wed,3-Jan-00,4,Apr,April 2014,2,"2, 2014",2014
4/24/2014 0:00,41753,Thursday,5,Thu,3-Jan-00,4,Apr,April 2014,2,"2, 2014",2014
4/25/2014 0:00,41754,Friday,6,Fri,3-Jan-00,4,Apr,April 2014,2,"2, 2014",2014
4/26/2014 0:00,41755,Saturday,7,Sat,3-Jan-00,4,Apr,April 2014,2,"2, 2014",2014
4/29/2014 0:00,41758,Tuesday,3,Tue,3-Jan-00,4,Apr,April 2014,2,"2, 2014",2014
4/30/2014 0:00,41759,Wednesday,4,Wed,3-Jan-00,4,Apr,April 2014,2,"2, 2014",2014
5/1/2014 0:00,41760,Thursday,5,Thu,4-Jan-00,5,May,May 2014,2,"2, 2014",2014
5/2/2014 0:00,41761,Friday,6,Fri,4-Jan-00,5,May,May 2014,2,"2, 2014",2014
5/5/2014 0:00,41764,Monday,2,Mon,4-Jan-00,5,May,May 2014,2,"2, 2014",2014
5/6/2014 0:00,41765,Tuesday,3,Tue,4-Jan-00,5,May,May 2014,2,"2, 2014",2014
5/8/2014 0:00,41767,Thursday,5,Thu,4-Jan-00,5,May,May 2014,2,"2, 2014",2014
5/12/2014 0:00,41771,Monday,2,Mon,4-Jan-00,5,May,May 2014,2,"2, 2014",2014
5/14/2014 0:00,41773,Wednesday,4,Wed,4-Jan-00,5,May,May 2014,2,"2, 2014",2014
5/15/2014 0:00,41774,Thursday,5,Thu,4-Jan-00,5,May,May 2014,2,"2, 2014",2014
5/16/2014 0:00,41775,Friday,6,Fri,4-Jan-00,5,May,May 2014,2,"2, 2014",2014
5/17/2014 0:00,41776,Saturday,7,Sat,4-Jan-00,5,May,May 2014,2,"2, 2014",2014
5/19/2014 0:00,41778,Monday,2,Mon,4-Jan-00,5,May,May 2014,2,"2, 2014",2014
5/20/2014 0:00,41779,Tuesday,3,Tue,4-Jan-00,5,May,May 2014,2,"2, 2014",2014
5/22/2014 0:00,41781,Thursday,5,Thu,4-Jan-00,5,May,May 2014,2,"2, 2014",2014
5/23/2014 0:00,41782,Friday,6,Fri,4-Jan-00,5,May,May 2014,2,"2, 2014",2014
5/26/2014 0:00,41785,Monday,2,Mon,4-Jan-00,5,May,May 2014,2,"2, 2014",2014
5/27/2014 0:00,41786,Tuesday,3,Tue,4-Jan-00,5,May,May 2014,2,"2, 2014",2014
5/28/2014 0:00,41787,Wednesday,4,Wed,4-Jan-00,5,May,May 2014,2,"2, 2014",2014
5/30/2014 0:00,41789,Friday,6,Fri,4-Jan-00,5,May,May 2014,2,"2, 2014",2014
5/31/2014 0:00,41790,Saturday,7,Sat,4-Jan-00,5,May,May 2014,2,"2, 2014",2014
6/2/2014 0:00,41792,Monday,2,Mon,5-Jan-00,6,Jun,June 2014,2,"2, 2014",2014
6/3/2014 0:00,41793,Tuesday,3,Tue,5-Jan-00,6,Jun,June 2014,2,"2, 2014",2014
6/4/2014 0:00,41794,Wednesday,4,Wed,5-Jan-00,6,Jun,June 2014,2,"2, 2014",2014
6/5/2014 0:00,41795,Thursday,5,Thu,5-Jan-00,6,Jun,June 2014,2,"2, 2014",2014
6/6/2014 0:00,41796,Friday,6,Fri,5-Jan-00,6,Jun,June 2014,2,"2, 2014",2014
6/9/2014 0:00,41799,Monday,2,Mon,5-Jan-00,6,Jun,June 2014,2,"2, 2014",2014
6/10/2014 0:00,41800,Tuesday,3,Tue,5-Jan-00,6,Jun,June 2014,2,"2, 2014",2014
6/12/2014 0:00,41802,Thursday,5,Thu,5-Jan-00,6,Jun,June 2014,2,"2, 2014",2014
6/13/2014 0:00,41803,Friday,6,Fri,5-Jan-00,6,Jun,June 2014,2,"2, 2014",2014
6/17/2014 0:00,41807,Tuesday,3,Tue,5-Jan-00,6,Jun,June 2014,2,"2, 2014",2014
6/18/2014 0:00,41808,Wednesday,4,Wed,5-Jan-00,6,Jun,June 2014,2,"2, 2014",2014
6/20/2014 0:00,41810,Friday,6,Fri,5-Jan-00,6,Jun,June 2014,2,"2, 2014",2014
6/21/2014 0:00,41811,Saturday,7,Sat,5-Jan-00,6,Jun,June 2014,2,"2, 2014",2014
6/23/2014 0:00,41813,Monday,2,Mon,5-Jan-00,6,Jun,June 2014,2,"2, 2014",2014
6/24/2014 0:00,41814,Tuesday,3,Tue,5-Jan-00,6,Jun,June 2014,2,"2, 2014",2014
6/26/2014 0:00,41816,Thursday,5,Thu,5-Jan-00,6,Jun,June 2014,2,"2, 2014",2014
6/27/2014 0:00,41817,Friday,6,Fri,5-Jan-00,6,Jun,June 2014,2,"2, 2014",2014
6/30/2014 0:00,41820,Monday,2,Mon,5-Jan-00,6,Jun,June 2014,2,"2, 2014",2014
7/2/2014 0:00,41822,Wednesday,4,Wed,6-Jan-00,7,Jul,July 2014,3,"3, 2014",2014
7/4/2014 0:00,41824,Friday,6,Fri,6-Jan-00,7,Jul,July 2014,3,"3, 2014",2014
7/7/2014 0:00,41827,Monday,2,Mon,6-Jan-00,7,Jul,July 2014,3,"3, 2014",2014
7/8/2014 0:00,41828,Tuesday,3,Tue,6-Jan-00,7,Jul,July 2014,3,"3, 2014",2014
7/9/2014 0:00,41829,Wednesday,4,Wed,6-Jan-00,7,Jul,July 2014,3,"3, 2014",2014
7/10/2014 0:00,41830,Thursday,5,Thu,6-Jan-00,7,Jul,July 2014,3,"3, 2014",2014
7/11/2014 0:00,41831,Friday,6,Fri,6-Jan-00,7,Jul,July 2014,3,"3, 2014",2014
7/12/2014 0:00,41832,Saturday,7,Sat,6-Jan-00,7,Jul,July 2014,3,"3, 2014",2014
7/14/2014 0:00,41834,Monday,2,Mon,6-Jan-00,7,Jul,July 2014,3,"3, 2014",2014
7/15/2014 0:00,41835,Tuesday,3,Tue,6-Jan-00,7,Jul,July 2014,3,"3, 2014",2014
7/16/2014 0:00,41836,Wednesday,4,Wed,6-Jan-00,7,Jul,July 2014,3,"3, 2014",2014
7/17/2014 0:00,41837,Thursday,5,Thu,6-Jan-00,7,Jul,July 2014,3,"3, 2014",2014
7/18/2014 0:00,41838,Friday,6,Fri,6-Jan-00,7,Jul,July 2014,3,"3, 2014",2014
7/21/2014 0:00,41841,Monday,2,Mon,6-Jan-00,7,Jul,July 2014,3,"3, 2014",2014
7/22/2014 0:00,41842,Tuesday,3,Tue,6-Jan-00,7,Jul,July 2014,3,"3, 2014",2014
7/23/2014 0:00,41843,Wednesday,4,Wed,6-Jan-00,7,Jul,July 2014,3,"3, 2014",2014
7/24/2014 0:00,41844,Thursday,5,Thu,6-Jan-00,7,Jul,July 2014,3,"3, 2014",2014
7/25/2014 0:00,41845,Friday,6,Fri,6-Jan-00,7,Jul,July 2014,3,"3, 2014",2014
7/26/2014 0:00,41846,Saturday,7,Sat,6-Jan-00,7,Jul,July 2014,3,"3, 2014",2014
7/28/2014 0:00,41848,Monday,2,Mon,6-Jan-00,7,Jul,July 2014,3,"3, 2014",2014
7/29/2014 0:00,41849,Tuesday,3,Tue,6-Jan-00,7,Jul,July 2014,3,"3, 2014",2014
7/30/2014 0:00,41850,Wednesday,4,Wed,6-Jan-00,7,Jul,July 2014,3,"3, 2014",2014
7/31/2014 0:00,41851,Thursday,5,Thu,6-Jan-00,7,Jul,July 2014,3,"3, 2014",2014
8/1/2014 0:00,41852,Friday,6,Fri,7-Jan-00,8,Aug,August 2014,3,"3, 2014",2014
8/4/2014 0:00,41855,Monday,2,Mon,7-Jan-00,8,Aug,August 2014,3,"3, 2014",2014
8/6/2014 0:00,41857,Wednesday,4,Wed,7-Jan-00,8,Aug,August 2014,3,"3, 2014",2014
8/7/2014 0:00,41858,Thursday,5,Thu,7-Jan-00,8,Aug,August 2014,3,"3, 2014",2014
8/8/2014 0:00,41859,Friday,6,Fri,7-Jan-00,8,Aug,August 2014,3,"3, 2014",2014
8/9/2014 0:00,41860,Saturday,7,Sat,7-Jan-00,8,Aug,August 2014,3,"3, 2014",2014
8/11/2014 0:00,41862,Monday,2,Mon,7-Jan-00,8,Aug,August 2014,3,"3, 2014",2014
8/13/2014 0:00,41864,Wednesday,4,Wed,7-Jan-00,8,Aug,August 2014,3,"3, 2014",2014
8/14/2014 0:00,41865,Thursday,5,Thu,7-Jan-00,8,Aug,August 2014,3,"3, 2014",2014
8/15/2014 0:00,41866,Friday,6,Fri,7-Jan-00,8,Aug,August 2014,3,"3, 2014",2014
8/16/2014 0:00,41867,Saturday,7,Sat,7-Jan-00,8,Aug,August 2014,3,"3, 2014",2014
8/18/2014 0:00,41869,Monday,2,Mon,7-Jan-00,8,Aug,August 2014,3,"3, 2014",2014
8/19/2014 0:00,41870,Tuesday,3,Tue,7-Jan-00,8,Aug,August 2014,3,"3, 2014",2014
8/21/2014 0:00,41872,Thursday,5,Thu,7-Jan-00,8,Aug,August 2014,3,"3, 2014",2014
8/25/2014 0:00,41876,Monday,2,Mon,7-Jan-00,8,Aug,August 2014,3,"3, 2014",2014
8/26/2014 0:00,41877,Tuesday,3,Tue,7-Jan-00,8,Aug,August 2014,3,"3, 2014",2014
8/27/2014 0:00,41878,Wednesday,4,Wed,7-Jan-00,8,Aug,August 2014,3,"3, 2014",2014
8/28/2014 0:00,41879,Thursday,5,Thu,7-Jan-00,8,Aug,August 2014,3,"3, 2014",2014
8/29/2014 0:00,41880,Friday,6,Fri,7-Jan-00,8,Aug,August 2014,3,"3, 2014",2014
8/30/2014 0:00,41881,Saturday,7,Sat,7-Jan-00,8,Aug,August 2014,3,"3, 2014",2014
9/1/2014 0:00,41883,Monday,2,Mon,8-Jan-00,9,Sep,September 2014,3,"3, 2014",2014
9/2/2014 0:00,41884,Tuesday,3,Tue,8-Jan-00,9,Sep,September 2014,3,"3, 2014",2014
9/3/2014 0:00,41885,Wednesday,4,Wed,8-Jan-00,9,Sep,September 2014,3,"3, 2014",2014
9/4/2014 0:00,41886,Thursday,5,Thu,8-Jan-00,9,Sep,September 2014,3,"3, 2014",2014
9/6/2014 0:00,41888,Saturday,7,Sat,8-Jan-00,9,Sep,September 2014,3,"3, 2014",2014
9/8/2014 0:00,41890,Monday,2,Mon,8-Jan-00,9,Sep,September 2014,3,"3, 2014",2014
9/9/2014 0:00,41891,Tuesday,3,Tue,8-Jan-00,9,Sep,September 2014,3,"3, 2014",2014
9/10/2014 0:00,41892,Wednesday,4,Wed,8-Jan-00,9,Sep,September 2014,3,"3, 2014",2014
9/11/2014 0:00,41893,Thursday,5,Thu,8-Jan-00,9,Sep,September 2014,3,"3, 2014",2014
9/12/2014 0:00,41894,Friday,6,Fri,8-Jan-00,9,Sep,September 2014,3,"3, 2014",2014
9/13/2014 0:00,41895,Saturday,7,Sat,8-Jan-00,9,Sep,September 2014,3,"3, 2014",2014
9/15/2014 0:00,41897,Monday,2,Mon,8-Jan-00,9,Sep,September 2014,3,"3, 2014",2014
9/16/2014 0:00,41898,Tuesday,3,Tue,8-Jan-00,9,Sep,September 2014,3,"3, 2014",2014
9/18/2014 0:00,41900,Thursday,5,Thu,8-Jan-00,9,Sep,September 2014,3,"3, 2014",2014
9/19/2014 0:00,41901,Friday,6,Fri,8-Jan-00,9,Sep,September 2014,3,"3, 2014",2014
9/20/2014 0:00,41902,Saturday,7,Sat,8-Jan-00,9,Sep,September 2014,3,"3, 2014",2014
9/22/2014 0:00,41904,Monday,2,Mon,8-Jan-00,9,Sep,September 2014,3,"3, 2014",2014
9/23/2014 0:00,41905,Tuesday,3,Tue,8-Jan-00,9,Sep,September 2014,3,"3, 2014",2014
9/24/2014 0:00,41906,Wednesday,4,Wed,8-Jan-00,9,Sep,September 2014,3,"3, 2014",2014
9/25/2014 0:00,41907,Thursday,5,Thu,8-Jan-00,9,Sep,September 2014,3,"3, 2014",2014
9/26/2014 0:00,41908,Friday,6,Fri,8-Jan-00,9,Sep,September 2014,3,"3, 2014",2014
9/27/2014 0:00,41909,Saturday,7,Sat,8-Jan-00,9,Sep,September 2014,3,"3, 2014",2014
9/29/2014 0:00,41911,Monday,2,Mon,8-Jan-00,9,Sep,September 2014,3,"3, 2014",2014
9/30/2014 0:00,41912,Tuesday,3,Tue,8-Jan-00,9,Sep,September 2014,3,"3, 2014",2014
10/1/2014 0:00,41913,Wednesday,4,Wed,9-Jan-00,10,Oct,October 2014,4,"4, 2014",2014
10/2/2014 0:00,41914,Thursday,5,Thu,9-Jan-00,10,Oct,October 2014,4,"4, 2014",2014
1/2/2014 0:00,41641,Thursday,5,Thu,0-Jan-00,1,Jan,January 2014,1,"1, 2014",2014
1/4/2014 0:00,41643,Saturday,7,Sat,0-Jan-00,1,Jan,January 2014,1,"1, 2014",2014
1/9/2014 0:00,41648,Thursday,5,Thu,0-Jan-00,1,Jan,January 2014,1,"1, 2014",2014
1/10/2014 0:00,41649,Friday,6,Fri,0-Jan-00,1,Jan,January 2014,1,"1, 2014",2014
1/23/2014 0:00,41662,Thursday,5,Thu,0-Jan-00,1,Jan,January 2014,1,"1, 2014",2014
2/6/2014 0:00,41676,Thursday,5,Thu,1-Jan-00,2,Feb,February 2014,1,"1, 2014",2014
2/15/2014 0:00,41685,Saturday,7,Sat,1-Jan-00,2,Feb,February 2014,1,"1, 2014",2014
2/17/2014 0:00,41687,Monday,2,Mon,1-Jan-00,2,Feb,February 2014,1,"1, 2014",2014
2/19/2014 0:00,41689,Wednesday,4,Wed,1-Jan-00,2,Feb,February 2014,1,"1, 2014",2014
3/7/2014 0:00,41705,Friday,6,Fri,2-Jan-00,3,Mar,March 2014,1,"1, 2014",2014
3/18/2014 0:00,41716,Tuesday,3,Tue,2-Jan-00,3,Mar,March 2014,1,"1, 2014",2014
3/26/2014 0:00,41724,Wednesday,4,Wed,2-Jan-00,3,Mar,March 2014,1,"1, 2014",2014
3/27/2014 0:00,41725,Thursday,5,Thu,2-Jan-00,3,Mar,March 2014,1,"1, 2014",2014
4/2/2014 0:00,41731,Wednesday,4,Wed,3-Jan-00,4,Apr,April 2014,2,"2, 2014",2014
4/17/2014 0:00,41746,Thursday,5,Thu,3-Jan-00,4,Apr,April 2014,2,"2, 2014",2014
4/19/2014 0:00,41748,Saturday,7,Sat,3-Jan-00,4,Apr,April 2014,2,"2, 2014",2014
4/28/2014 0:00,41757,Monday,2,Mon,3-Jan-00,4,Apr,April 2014,2,"2, 2014",2014
5/7/2014 0:00,41766,Wednesday,4,Wed,4-Jan-00,5,May,May 2014,2,"2, 2014",2014
5/9/2014 0:00,41768,Friday,6,Fri,4-Jan-00,5,May,May 2014,2,"2, 2014",2014
5/21/2014 0:00,41780,Wednesday,4,Wed,4-Jan-00,5,May,May 2014,2,"2, 2014",2014
5/29/2014 0:00,41788,Thursday,5,Thu,4-Jan-00,5,May,May 2014,2,"2, 2014",2014
6/7/2014 0:00,41797,Saturday,7,Sat,5-Jan-00,6,Jun,June 2014,2,"2, 2014",2014
6/11/2014 0:00,41801,Wednesday,4,Wed,5-Jan-00,6,Jun,June 2014,2,"2, 2014",2014
6/16/2014 0:00,41806,Monday,2,Mon,5-Jan-00,6,Jun,June 2014,2,"2, 2014",2014
6/19/2014 0:00,41809,Thursday,5,Thu,5-Jan-00,6,Jun,June 2014,2,"2, 2014",2014
6/25/2014 0:00,41815,Wednesday,4,Wed,5-Jan-00,6,Jun,June 2014,2,"2, 2014",2014
8/2/2014 0:00,41853,Saturday,7,Sat,7-Jan-00,8,Aug,August 2014,3,"3, 2014",2014
8/5/2014 0:00,41856,Tuesday,3,Tue,7-Jan-00,8,Aug,August 2014,3,"3, 2014",2014
8/12/2014 0:00,41863,Tuesday,3,Tue,7-Jan-00,8,Aug,August 2014,3,"3, 2014",2014
8/20/2014 0:00,41871,Wednesday,4,Wed,7-Jan-00,8,Aug,August 2014,3,"3, 2014",2014
8/22/2014 0:00,41873,Friday,6,Fri,7-Jan-00,8,Aug,August 2014,3,"3, 2014",2014
8/23/2014 0:00,41874,Saturday,7,Sat,7-Jan-00,8,Aug,August 2014,3,"3, 2014",2014
9/5/2014 0:00,41887,Friday,6,Fri,8-Jan-00,9,Sep,September 2014,3,"3, 2014",2014
9/17/2014 0:00,41899,Wednesday,4,Wed,8-Jan-00,9,Sep,September 2014,3,"3, 2014",2014
1/18/2014 0:00,41657,Saturday,7,Sat,0-Jan-00,1,Jan,January 2014,1,"1, 2014",2014
1/30/2014 0:00,41669,Thursday,5,Thu,0-Jan-00,1,Jan,January 2014,1,"1, 2014",2014
2/8/2014 0:00,41678,Saturday,7,Sat,1-Jan-00,2,Feb,February 2014,1,"1, 2014",2014
3/1/2014 0:00,41699,Saturday,7,Sat,2-Jan-00,3,Mar,March 2014,1,"1, 2014",2014
3/11/2014 0:00,41709,Tuesday,3,Tue,2-Jan-00,3,Mar,March 2014,1,"1, 2014",2014
4/12/2014 0:00,41741,Saturday,7,Sat,3-Jan-00,4,Apr,April 2014,2,"2, 2014",2014
5/3/2014 0:00,41762,Saturday,7,Sat,4-Jan-00,5,May,May 2014,2,"2, 2014",2014
5/13/2014 0:00,41772,Tuesday,3,Tue,4-Jan-00,5,May,May 2014,2,"2, 2014",2014
5/24/2014 0:00,41783,Saturday,7,Sat,4-Jan-00,5,May,May 2014,2,"2, 2014",2014
6/14/2014 0:00,41804,Saturday,7,Sat,5-Jan-00,6,Jun,June 2014,2,"2, 2014",2014
6/28/2014 0:00,41818,Saturday,7,Sat,5-Jan-00,6,Jun,June 2014,2,"2, 2014",2014
7/3/2014 0:00,41823,Thursday,5,Thu,6-Jan-00,7,Jul,July 2014,3,"3, 2014",2014
7/5/2014 0:00,41825,Saturday,7,Sat,6-Jan-00,7,Jul,July 2014,3,"3, 2014",2014
1/11/2014 0:00,41650,Saturday,7,Sat,0-Jan-00,1,Jan,January 2014,1,"1, 2014",2014
2/1/2014 0:00,41671,Saturday,7,Sat,1-Jan-00,2,Feb,February 2014,1,"1, 2014",2014
7/1/2014 0:00,41821,Tuesday,3,Tue,6-Jan-00,7,Jul,July 2014,3,"3, 2014",2014
7/19/2014 0:00,41839,Saturday,7,Sat,6-Jan-00,7,Jul,July 2014,3,"3, 2014",2014
4/5/2014 0:00,41734,Saturday,7,Sat,3-Jan-00,4,Apr,April 2014,2,"2, 2014",2014
5/10/2014 0:00,41769,Saturday,7,Sat,4-Jan-00,5,May,May 2014,2,"2, 2014",2014
10/3/2014 0:00,41915,Friday,6,Fri,9-Jan-00,10,Oct,October 2014,4,"4, 2014",2014
10/4/2014 0:00,41916,Saturday,7,Sat,9-Jan-00,10,Oct,October 2014,4,"4, 2014",2014
10/6/2014 0:00,41918,Monday,2,Mon,9-Jan-00,10,Oct,October 2014,4,"4, 2014",2014
10/7/2014 0:00,41919,Tuesday,3,Tue,9-Jan-00,10,Oct,October 2014,4,"4, 2014",2014
10/8/2014 0:00,41920,Wednesday,4,Wed,9-Jan-00,10,Oct,October 2014,4,"4, 2014",2014
10/9/2014 0:00,41921,Thursday,5,Thu,9-Jan-00,10,Oct,October 2014,4,"4, 2014",2014
10/10/2014 0:00,41922,Friday,6,Fri,9-Jan-00,10,Oct,October 2014,4,"4, 2014",2014
10/11/2014 0:00,41923,Saturday,7,Sat,9-Jan-00,10,Oct,October 2014,4,"4, 2014",2014
10/14/2014 0:00,41926,Tuesday,3,Tue,9-Jan-00,10,Oct,October 2014,4,"4, 2014",2014
10/16/2014 0:00,41928,Thursday,5,Thu,9-Jan-00,10,Oct,October 2014,4,"4, 2014",2014
10/17/2014 0:00,41929,Friday,6,Fri,9-Jan-00,10,Oct,October 2014,4,"4, 2014",2014
10/18/2014 0:00,41930,Saturday,7,Sat,9-Jan-00,10,Oct,October 2014,4,"4, 2014",2014
10/20/2014 0:00,41932,Monday,2,Mon,9-Jan-00,10,Oct,October 2014,4,"4, 2014",2014
10/21/2014 0:00,41933,Tuesday,3,Tue,9-Jan-00,10,Oct,October 2014,4,"4, 2014",2014
10/25/2014 0:00,41937,Saturday,7,Sat,9-Jan-00,10,Oct,October 2014,4,"4, 2014",2014
10/27/2014 0:00,41939,Monday,2,Mon,9-Jan-00,10,Oct,October 2014,4,"4, 2014",2014
10/28/2014 0:00,41940,Tuesday,3,Tue,9-Jan-00,10,Oct,October 2014,4,"4, 2014",2014
10/29/2014 0:00,41941,Wednesday,4,Wed,9-Jan-00,10,Oct,October 2014,4,"4, 2014",2014
10/30/2014 0:00,41942,Thursday,5,Thu,9-Jan-00,10,Oct,October 2014,4,"4, 2014",2014
10/31/2014 0:00,41943,Friday,6,Fri,9-Jan-00,10,Oct,October 2014,4,"4, 2014",2014
11/3/2014 0:00,41946,Monday,2,Mon,10-Jan-00,11,Nov,November 2014,4,"4, 2014",2014
11/4/2014 0:00,41947,Tuesday,3,Tue,10-Jan-00,11,Nov,November 2014,4,"4, 2014",2014
11/6/2014 0:00,41949,Thursday,5,Thu,10-Jan-00,11,Nov,November 2014,4,"4, 2014",2014
11/7/2014 0:00,41950,Friday,6,Fri,10-Jan-00,11,Nov,November 2014,4,"4, 2014",2014
11/8/2014 0:00,41951,Saturday,7,Sat,10-Jan-00,11,Nov,November 2014,4,"4, 2014",2014
11/11/2014 0:00,41954,Tuesday,3,Tue,10-Jan-00,11,Nov,November 2014,4,"4, 2014",2014
11/12/2014 0:00,41955,Wednesday,4,Wed,10-Jan-00,11,Nov,November 2014,4,"4, 2014",2014
11/13/2014 0:00,41956,Thursday,5,Thu,10-Jan-00,11,Nov,November 2014,4,"4, 2014",2014
11/14/2014 0:00,41957,Friday,6,Fri,10-Jan-00,11,Nov,November 2014,4,"4, 2014",2014
11/15/2014 0:00,41958,Saturday,7,Sat,10-Jan-00,11,Nov,November 2014,4,"4, 2014",2014
11/18/2014 0:00,41961,Tuesday,3,Tue,10-Jan-00,11,Nov,November 2014,4,"4, 2014",2014
11/19/2014 0:00,41962,Wednesday,4,Wed,10-Jan-00,11,Nov,November 2014,4,"4, 2014",2014
11/20/2014 0:00,41963,Thursday,5,Thu,10-Jan-00,11,Nov,November 2014,4,"4, 2014",2014
11/21/2014 0:00,41964,Friday,6,Fri,10-Jan-00,11,Nov,November 2014,4,"4, 2014",2014
11/22/2014 0:00,41965,Saturday,7,Sat,10-Jan-00,11,Nov,November 2014,4,"4, 2014",2014
11/25/2014 0:00,41968,Tuesday,3,Tue,10-Jan-00,11,Nov,November 2014,4,"4, 2014",2014
11/26/2014 0:00,41969,Wednesday,4,Wed,10-Jan-00,11,Nov,November 2014,4,"4, 2014",2014
11/27/2014 0:00,41970,Thursday,5,Thu,10-Jan-00,11,Nov,November 2014,4,"4, 2014",2014
11/28/2014 0:00,41971,Friday,6,Fri,10-Jan-00,11,Nov,November 2014,4,"4, 2014",2014
11/29/2014 0:00,41972,Saturday,7,Sat,10-Jan-00,11,Nov,November 2014,4,"4, 2014",2014
12/1/2014 0:00,41974,Monday,2,Mon,11-Jan-00,12,Dec,December 2014,4,"4, 2014",2014
12/2/2014 0:00,41975,Tuesday,3,Tue,11-Jan-00,12,Dec,December 2014,4,"4, 2014",2014
12/5/2014 0:00,41978,Friday,6,Fri,11-Jan-00,12,Dec,December 2014,4,"4, 2014",2014
12/6/2014 0:00,41979,Saturday,7,Sat,11-Jan-00,12,Dec,December 2014,4,"4, 2014",2014
12/8/2014 0:00,41981,Monday,2,Mon,11-Jan-00,12,Dec,December 2014,4,"4, 2014",2014
12/10/2014 0:00,41983,Wednesday,4,Wed,11-Jan-00,12,Dec,December 2014,4,"4, 2014",2014
12/12/2014 0:00,41985,Friday,6,Fri,11-Jan-00,12,Dec,December 2014,4,"4, 2014",2014
12/13/2014 0:00,41986,Saturday,7,Sat,11-Jan-00,12,Dec,December 2014,4,"4, 2014",2014
12/15/2014 0:00,41988,Monday,2,Mon,11-Jan-00,12,Dec,December 2014,4,"4, 2014",2014
12/16/2014 0:00,41989,Tuesday,3,Tue,11-Jan-00,12,Dec,December 2014,4,"4, 2014",2014
12/17/2014 0:00,41990,Wednesday,4,Wed,11-Jan-00,12,Dec,December 2014,4,"4, 2014",2014
12/18/2014 0:00,41991,Thursday,5,Thu,11-Jan-00,12,Dec,December 2014,4,"4, 2014",2014
12/19/2014 0:00,41992,Friday,6,Fri,11-Jan-00,12,Dec,December 2014,4,"4, 2014",2014
12/20/2014 0:00,41993,Saturday,7,Sat,11-Jan-00,12,Dec,December 2014,4,"4, 2014",2014
12/22/2014 0:00,41995,Monday,2,Mon,11-Jan-00,12,Dec,December 2014,4,"4, 2014",2014
12/23/2014 0:00,41996,Tuesday,3,Tue,11-Jan-00,12,Dec,December 2014,4,"4, 2014",2014
12/24/2014 0:00,41997,Wednesday,4,Wed,11-Jan-00,12,Dec,December 2014,4,"4, 2014",2014
12/25/2014 0:00,41998,Thursday,5,Thu,11-Jan-00,12,Dec,December 2014,4,"4, 2014",2014
12/26/2014 0:00,41999,Friday,6,Fri,11-Jan-00,12,Dec,December 2014,4,"4, 2014",2014
12/27/2014 0:00,42000,Saturday,7,Sat,11-Jan-00,12,Dec,December 2014,4,"4, 2014",2014
12/29/2014 0:00,42002,Monday,2,Mon,11-Jan-00,12,Dec,December 2014,4,"4, 2014",2014
12/30/2014 0:00,42003,Tuesday,3,Tue,11-Jan-00,12,Dec,December 2014,4,"4, 2014",2014
12/31/2014 0:00,42004,Wednesday,4,Wed,11-Jan-00,12,Dec,December 2014,4,"4, 2014",2014
10/22/2014 0:00,41934,Wednesday,4,Wed,9-Jan-00,10,Oct,October 2014,4,"4, 2014",2014
10/23/2014 0:00,41935,Thursday,5,Thu,9-Jan-00,10,Oct,October 2014,4,"4, 2014",2014
10/24/2014 0:00,41936,Friday,6,Fri,9-Jan-00,10,Oct,October 2014,4,"4, 2014",2014
11/1/2014 0:00,41944,Saturday,7,Sat,10-Jan-00,11,Nov,November 2014,4,"4, 2014",2014
11/5/2014 0:00,41948,Wednesday,4,Wed,10-Jan-00,11,Nov,November 2014,4,"4, 2014",2014
11/10/2014 0:00,41953,Monday,2,Mon,10-Jan-00,11,Nov,November 2014,4,"4, 2014",2014
11/17/2014 0:00,41960,Monday,2,Mon,10-Jan-00,11,Nov,November 2014,4,"4, 2014",2014
11/24/2014 0:00,41967,Monday,2,Mon,10-Jan-00,11,Nov,November 2014,4,"4, 2014",2014
12/3/2014 0:00,41976,Wednesday,4,Wed,11-Jan-00,12,Dec,December 2014,4,"4, 2014",2014
12/9/2014 0:00,41982,Tuesday,3,Tue,11-Jan-00,12,Dec,December 2014,4,"4, 2014",2014
12/11/2014 0:00,41984,Thursday,5,Thu,11-Jan-00,12,Dec,December 2014,4,"4, 2014",2014
10/13/2014 0:00,41925,Monday,2,Mon,9-Jan-00,10,Oct,October 2014,4,"4, 2014",2014
10/15/2014 0:00,41927,Wednesday,4,Wed,9-Jan-00,10,Oct,October 2014,4,"4, 2014",2014
12/4/2014 0:00,41977,Thursday,5,Thu,11-Jan-00,12,Dec,December 2014,4,"4, 2014",2014
1/1/2015 0:00,42005,Thursday,5,Thu,0-Jan-00,1,Jan,January 2015,1,"1, 2015",2015
1/3/2015 0:00,42007,Saturday,7,Sat,0-Jan-00,1,Jan,January 2015,1,"1, 2015",2015
1/5/2015 0:00,42009,Monday,2,Mon,0-Jan-00,1,Jan,January 2015,1,"1, 2015",2015
1/6/2015 0:00,42010,Tuesday,3,Tue,0-Jan-00,1,Jan,January 2015,1,"1, 2015",2015
1/7/2015 0:00,42011,Wednesday,4,Wed,0-Jan-00,1,Jan,January 2015,1,"1, 2015",2015
1/8/2015 0:00,42012,Thursday,5,Thu,0-Jan-00,1,Jan,January 2015,1,"1, 2015",2015
1/9/2015 0:00,42013,Friday,6,Fri,0-Jan-00,1,Jan,January 2015,1,"1, 2015",2015
1/10/2015 0:00,42014,Saturday,7,Sat,0-Jan-00,1,Jan,January 2015,1,"1, 2015",2015
1/12/2015 0:00,42016,Monday,2,Mon,0-Jan-00,1,Jan,January 2015,1,"1, 2015",2015
1/13/2015 0:00,42017,Tuesday,3,Tue,0-Jan-00,1,Jan,January 2015,1,"1, 2015",2015
1/14/2015 0:00,42018,Wednesday,4,Wed,0-Jan-00,1,Jan,January 2015,1,"1, 2015",2015
1/15/2015 0:00,42019,Thursday,5,Thu,0-Jan-00,1,Jan,January 2015,1,"1, 2015",2015
1/16/2015 0:00,42020,Friday,6,Fri,0-Jan-00,1,Jan,January 2015,1,"1, 2015",2015
1/17/2015 0:00,42021,Saturday,7,Sat,0-Jan-00,1,Jan,January 2015,1,"1, 2015",2015
1/19/2015 0:00,42023,Monday,2,Mon,0-Jan-00,1,Jan,January 2015,1,"1, 2015",2015
1/20/2015 0:00,42024,Tuesday,3,Tue,0-Jan-00,1,Jan,January 2015,1,"1, 2015",2015
1/21/2015 0:00,42025,Wednesday,4,Wed,0-Jan-00,1,Jan,January 2015,1,"1, 2015",2015
1/23/2015 0:00,42027,Friday,6,Fri,0-Jan-00,1,Jan,January 2015,1,"1, 2015",2015
1/24/2015 0:00,42028,Saturday,7,Sat,0-Jan-00,1,Jan,January 2015,1,"1, 2015",2015
1/27/2015 0:00,42031,Tuesday,3,Tue,0-Jan-00,1,Jan,January 2015,1,"1, 2015",2015
1/28/2015 0:00,42032,Wednesday,4,Wed,0-Jan-00,1,Jan,January 2015,1,"1, 2015",2015
2/2/2015 0:00,42037,Monday,2,Mon,1-Jan-00,2,Feb,February 2015,1,"1, 2015",2015
2/3/2015 0:00,42038,Tuesday,3,Tue,1-Jan-00,2,Feb,February 2015,1,"1, 2015",2015
2/4/2015 0:00,42039,Wednesday,4,Wed,1-Jan-00,2,Feb,February 2015,1,"1, 2015",2015
2/5/2015 0:00,42040,Thursday,5,Thu,1-Jan-00,2,Feb,February 2015,1,"1, 2015",2015
2/6/2015 0:00,42041,Friday,6,Fri,1-Jan-00,2,Feb,February 2015,1,"1, 2015",2015
2/9/2015 0:00,42044,Monday,2,Mon,1-Jan-00,2,Feb,February 2015,1,"1, 2015",2015
2/10/2015 0:00,42045,Tuesday,3,Tue,1-Jan-00,2,Feb,February 2015,1,"1, 2015",2015
2/11/2015 0:00,42046,Wednesday,4,Wed,1-Jan-00,2,Feb,February 2015,1,"1, 2015",2015
2/12/2015 0:00,42047,Thursday,5,Thu,1-Jan-00,2,Feb,February 2015,1,"1, 2015",2015
2/14/2015 0:00,42049,Saturday,7,Sat,1-Jan-00,2,Feb,February 2015,1,"1, 2015",2015
2/16/2015 0:00,42051,Monday,2,Mon,1-Jan-00,2,Feb,February 2015,1,"1, 2015",2015
2/17/2015 0:00,42052,Tuesday,3,Tue,1-Jan-00,2,Feb,February 2015,1,"1, 2015",2015
2/19/2015 0:00,42054,Thursday,5,Thu,1-Jan-00,2,Feb,February 2015,1,"1, 2015",2015
2/20/2015 0:00,42055,Friday,6,Fri,1-Jan-00,2,Feb,February 2015,1,"1, 2015",2015
2/23/2015 0:00,42058,Monday,2,Mon,1-Jan-00,2,Feb,February 2015,1,"1, 2015",2015
2/24/2015 0:00,42059,Tuesday,3,Tue,1-Jan-00,2,Feb,February 2015,1,"1, 2015",2015
2/25/2015 0:00,42060,Wednesday,4,Wed,1-Jan-00,2,Feb,February 2015,1,"1, 2015",2015
2/26/2015 0:00,42061,Thursday,5,Thu,1-Jan-00,2,Feb,February 2015,1,"1, 2015",2015
2/27/2015 0:00,42062,Friday,6,Fri,1-Jan-00,2,Feb,February 2015,1,"1, 2015",2015
2/28/2015 0:00,42063,Saturday,7,Sat,1-Jan-00,2,Feb,February 2015,1,"1, 2015",2015
3/3/2015 0:00,42066,Tuesday,3,Tue,2-Jan-00,3,Mar,March 2015,1,"1, 2015",2015
3/4/2015 0:00,42067,Wednesday,4,Wed,2-Jan-00,3,Mar,March 2015,1,"1, 2015",2015
3/6/2015 0:00,42069,Friday,6,Fri,2-Jan-00,3,Mar,March 2015,1,"1, 2015",2015
3/10/2015 0:00,42073,Tuesday,3,Tue,2-Jan-00,3,Mar,March 2015,1,"1, 2015",2015
3/11/2015 0:00,42074,Wednesday,4,Wed,2-Jan-00,3,Mar,March 2015,1,"1, 2015",2015
3/12/2015 0:00,42075,Thursday,5,Thu,2-Jan-00,3,Mar,March 2015,1,"1, 2015",2015
3/13/2015 0:00,42076,Friday,6,Fri,2-Jan-00,3,Mar,March 2015,1,"1, 2015",2015
3/14/2015 0:00,42077,Saturday,7,Sat,2-Jan-00,3,Mar,March 2015,1,"1, 2015",2015
3/16/2015 0:00,42079,Monday,2,Mon,2-Jan-00,3,Mar,March 2015,1,"1, 2015",2015
3/18/2015 0:00,42081,Wednesday,4,Wed,2-Jan-00,3,Mar,March 2015,1,"1, 2015",2015
3/19/2015 0:00,42082,Thursday,5,Thu,2-Jan-00,3,Mar,March 2015,1,"1, 2015",2015
3/20/2015 0:00,42083,Friday,6,Fri,2-Jan-00,3,Mar,March 2015,1,"1, 2015",2015
3/24/2015 0:00,42087,Tuesday,3,Tue,2-Jan-00,3,Mar,March 2015,1,"1, 2015",2015
3/25/2015 0:00,42088,Wednesday,4,Wed,2-Jan-00,3,Mar,March 2015,1,"1, 2015",2015
3/26/2015 0:00,42089,Thursday,5,Thu,2-Jan-00,3,Mar,March 2015,1,"1, 2015",2015
3/27/2015 0:00,42090,Friday,6,Fri,2-Jan-00,3,Mar,March 2015,1,"1, 2015",2015
3/28/2015 0:00,42091,Saturday,7,Sat,2-Jan-00,3,Mar,March 2015,1,"1, 2015",2015
3/30/2015 0:00,42093,Monday,2,Mon,2-Jan-00,3,Mar,March 2015,1,"1, 2015",2015
4/2/2015 0:00,42096,Thursday,5,Thu,3-Jan-00,4,Apr,April 2015,2,"2, 2015",2015
4/3/2015 0:00,42097,Friday,6,Fri,3-Jan-00,4,Apr,April 2015,2,"2, 2015",2015
4/6/2015 0:00,42100,Monday,2,Mon,3-Jan-00,4,Apr,April 2015,2,"2, 2015",2015
4/7/2015 0:00,42101,Tuesday,3,Tue,3-Jan-00,4,Apr,April 2015,2,"2, 2015",2015
4/8/2015 0:00,42102,Wednesday,4,Wed,3-Jan-00,4,Apr,April 2015,2,"2, 2015",2015
4/9/2015 0:00,42103,Thursday,5,Thu,3-Jan-00,4,Apr,April 2015,2,"2, 2015",2015
4/10/2015 0:00,42104,Friday,6,Fri,3-Jan-00,4,Apr,April 2015,2,"2, 2015",2015
4/11/2015 0:00,42105,Saturday,7,Sat,3-Jan-00,4,Apr,April 2015,2,"2, 2015",2015
4/14/2015 0:00,42108,Tuesday,3,Tue,3-Jan-00,4,Apr,April 2015,2,"2, 2015",2015
4/15/2015 0:00,42109,Wednesday,4,Wed,3-Jan-00,4,Apr,April 2015,2,"2, 2015",2015
4/16/2015 0:00,42110,Thursday,5,Thu,3-Jan-00,4,Apr,April 2015,2,"2, 2015",2015
4/17/2015 0:00,42111,Friday,6,Fri,3-Jan-00,4,Apr,April 2015,2,"2, 2015",2015
4/20/2015 0:00,42114,Monday,2,Mon,3-Jan-00,4,Apr,April 2015,2,"2, 2015",2015
4/21/2015 0:00,42115,Tuesday,3,Tue,3-Jan-00,4,Apr,April 2015,2,"2, 2015",2015
4/22/2015 0:00,42116,Wednesday,4,Wed,3-Jan-00,4,Apr,April 2015,2,"2, 2015",2015
4/23/2015 0:00,42117,Thursday,5,Thu,3-Jan-00,4,Apr,April 2015,2,"2, 2015",2015
4/24/2015 0:00,42118,Friday,6,Fri,3-Jan-00,4,Apr,April 2015,2,"2, 2015",2015
4/25/2015 0:00,42119,Saturday,7,Sat,3-Jan-00,4,Apr,April 2015,2,"2, 2015",2015
4/27/2015 0:00,42121,Monday,2,Mon,3-Jan-00,4,Apr,April 2015,2,"2, 2015",2015
4/28/2015 0:00,42122,Tuesday,3,Tue,3-Jan-00,4,Apr,April 2015,2,"2, 2015",2015
4/29/2015 0:00,42123,Wednesday,4,Wed,3-Jan-00,4,Apr,April 2015,2,"2, 2015",2015
4/30/2015 0:00,42124,Thursday,5,Thu,3-Jan-00,4,Apr,April 2015,2,"2, 2015",2015
5/1/2015 0:00,42125,Friday,6,Fri,4-Jan-00,5,May,May 2015,2,"2, 2015",2015
5/2/2015 0:00,42126,Saturday,7,Sat,4-Jan-00,5,May,May 2015,2,"2, 2015",2015
5/4/2015 0:00,42128,Monday,2,Mon,4-Jan-00,5,May,May 2015,2,"2, 2015",2015
5/5/2015 0:00,42129,Tuesday,3,Tue,4-Jan-00,5,May,May 2015,2,"2, 2015",2015
5/7/2015 0:00,42131,Thursday,5,Thu,4-Jan-00,5,May,May 2015,2,"2, 2015",2015
5/8/2015 0:00,42132,Friday,6,Fri,4-Jan-00,5,May,May 2015,2,"2, 2015",2015
5/11/2015 0:00,42135,Monday,2,Mon,4-Jan-00,5,May,May 2015,2,"2, 2015",2015
5/12/2015 0:00,42136,Tuesday,3,Tue,4-Jan-00,5,May,May 2015,2,"2, 2015",2015
5/13/2015 0:00,42137,Wednesday,4,Wed,4-Jan-00,5,May,May 2015,2,"2, 2015",2015
5/15/2015 0:00,42139,Friday,6,Fri,4-Jan-00,5,May,May 2015,2,"2, 2015",2015
5/16/2015 0:00,42140,Saturday,7,Sat,4-Jan-00,5,May,May 2015,2,"2, 2015",2015
5/18/2015 0:00,42142,Monday,2,Mon,4-Jan-00,5,May,May 2015,2,"2, 2015",2015
5/19/2015 0:00,42143,Tuesday,3,Tue,4-Jan-00,5,May,May 2015,2,"2, 2015",2015
5/20/2015 0:00,42144,Wednesday,4,Wed,4-Jan-00,5,May,May 2015,2,"2, 2015",2015
5/21/2015 0:00,42145,Thursday,5,Thu,4-Jan-00,5,May,May 2015,2,"2, 2015",2015
5/23/2015 0:00,42147,Saturday,7,Sat,4-Jan-00,5,May,May 2015,2,"2, 2015",2015
5/26/2015 0:00,42150,Tuesday,3,Tue,4-Jan-00,5,May,May 2015,2,"2, 2015",2015
5/27/2015 0:00,42151,Wednesday,4,Wed,4-Jan-00,5,May,May 2015,2,"2, 2015",2015
5/28/2015 0:00,42152,Thursday,5,Thu,4-Jan-00,5,May,May 2015,2,"2, 2015",2015
5/29/2015 0:00,42153,Friday,6,Fri,4-Jan-00,5,May,May 2015,2,"2, 2015",2015
5/30/2015 0:00,42154,Saturday,7,Sat,4-Jan-00,5,May,May 2015,2,"2, 2015",2015
6/1/2015 0:00,42156,Monday,2,Mon,5-Jan-00,6,Jun,June 2015,2,"2, 2015",2015
6/2/2015 0:00,42157,Tuesday,3,Tue,5-Jan-00,6,Jun,June 2015,2,"2, 2015",2015
6/3/2015 0:00,42158,Wednesday,4,Wed,5-Jan-00,6,Jun,June 2015,2,"2, 2015",2015
6/4/2015 0:00,42159,Thursday,5,Thu,5-Jan-00,6,Jun,June 2015,2,"2, 2015",2015
6/5/2015 0:00,42160,Friday,6,Fri,5-Jan-00,6,Jun,June 2015,2,"2, 2015",2015
6/6/2015 0:00,42161,Saturday,7,Sat,5-Jan-00,6,Jun,June 2015,2,"2, 2015",2015
6/8/2015 0:00,42163,Monday,2,Mon,5-Jan-00,6,Jun,June 2015,2,"2, 2015",2015
6/9/2015 0:00,42164,Tuesday,3,Tue,5-Jan-00,6,Jun,June 2015,2,"2, 2015",2015
6/10/2015 0:00,42165,Wednesday,4,Wed,5-Jan-00,6,Jun,June 2015,2,"2, 2015",2015
6/11/2015 0:00,42166,Thursday,5,Thu,5-Jan-00,6,Jun,June 2015,2,"2, 2015",2015
6/12/2015 0:00,42167,Friday,6,Fri,5-Jan-00,6,Jun,June 2015,2,"2, 2015",2015
6/13/2015 0:00,42168,Saturday,7,Sat,5-Jan-00,6,Jun,June 2015,2,"2, 2015",2015
6/15/2015 0:00,42170,Monday,2,Mon,5-Jan-00,6,Jun,June 2015,2,"2, 2015",2015
6/17/2015 0:00,42172,Wednesday,4,Wed,5-Jan-00,6,Jun,June 2015,2,"2, 2015",2015
6/18/2015 0:00,42173,Thursday,5,Thu,5-Jan-00,6,Jun,June 2015,2,"2, 2015",2015
6/20/2015 0:00,42175,Saturday,7,Sat,5-Jan-00,6,Jun,June 2015,2,"2, 2015",2015
6/24/2015 0:00,42179,Wednesday,4,Wed,5-Jan-00,6,Jun,June 2015,2,"2, 2015",2015
6/25/2015 0:00,42180,Thursday,5,Thu,5-Jan-00,6,Jun,June 2015,2,"2, 2015",2015
6/26/2015 0:00,42181,Friday,6,Fri,5-Jan-00,6,Jun,June 2015,2,"2, 2015",2015
6/27/2015 0:00,42182,Saturday,7,Sat,5-Jan-00,6,Jun,June 2015,2,"2, 2015",2015
6/29/2015 0:00,42184,Monday,2,Mon,5-Jan-00,6,Jun,June 2015,2,"2, 2015",2015
6/30/2015 0:00,42185,Tuesday,3,Tue,5-Jan-00,6,Jun,June 2015,2,"2, 2015",2015
7/1/2015 0:00,42186,Wednesday,4,Wed,6-Jan-00,7,Jul,July 2015,3,"3, 2015",2015
7/2/2015 0:00,42187,Thursday,5,Thu,6-Jan-00,7,Jul,July 2015,3,"3, 2015",2015
7/3/2015 0:00,42188,Friday,6,Fri,6-Jan-00,7,Jul,July 2015,3,"3, 2015",2015
7/6/2015 0:00,42191,Monday,2,Mon,6-Jan-00,7,Jul,July 2015,3,"3, 2015",2015
7/7/2015 0:00,42192,Tuesday,3,Tue,6-Jan-00,7,Jul,July 2015,3,"3, 2015",2015
7/8/2015 0:00,42193,Wednesday,4,Wed,6-Jan-00,7,Jul,July 2015,3,"3, 2015",2015
7/9/2015 0:00,42194,Thursday,5,Thu,6-Jan-00,7,Jul,July 2015,3,"3, 2015",2015
7/13/2015 0:00,42198,Monday,2,Mon,6-Jan-00,7,Jul,July 2015,3,"3, 2015",2015
7/14/2015 0:00,42199,Tuesday,3,Tue,6-Jan-00,7,Jul,July 2015,3,"3, 2015",2015
7/15/2015 0:00,42200,Wednesday,4,Wed,6-Jan-00,7,Jul,July 2015,3,"3, 2015",2015
7/16/2015 0:00,42201,Thursday,5,Thu,6-Jan-00,7,Jul,July 2015,3,"3, 2015",2015
7/17/2015 0:00,42202,Friday,6,Fri,6-Jan-00,7,Jul,July 2015,3,"3, 2015",2015
7/18/2015 0:00,42203,Saturday,7,Sat,6-Jan-00,7,Jul,July 2015,3,"3, 2015",2015
7/20/2015 0:00,42205,Monday,2,Mon,6-Jan-00,7,Jul,July 2015,3,"3, 2015",2015
7/21/2015 0:00,42206,Tuesday,3,Tue,6-Jan-00,7,Jul,July 2015,3,"3, 2015",2015
7/22/2015 0:00,42207,Wednesday,4,Wed,6-Jan-00,7,Jul,July 2015,3,"3, 2015",2015
7/23/2015 0:00,42208,Thursday,5,Thu,6-Jan-00,7,Jul,July 2015,3,"3, 2015",2015
7/24/2015 0:00,42209,Friday,6,Fri,6-Jan-00,7,Jul,July 2015,3,"3, 2015",2015
7/25/2015 0:00,42210,Saturday,7,Sat,6-Jan-00,7,Jul,July 2015,3,"3, 2015",2015
7/27/2015 0:00,42212,Monday,2,Mon,6-Jan-00,7,Jul,July 2015,3,"3, 2015",2015
7/28/2015 0:00,42213,Tuesday,3,Tue,6-Jan-00,7,Jul,July 2015,3,"3, 2015",2015
7/30/2015 0:00,42215,Thursday,5,Thu,6-Jan-00,7,Jul,July 2015,3,"3, 2015",2015
7/31/2015 0:00,42216,Friday,6,Fri,6-Jan-00,7,Jul,July 2015,3,"3, 2015",2015
8/3/2015 0:00,42219,Monday,2,Mon,7-Jan-00,8,Aug,August 2015,3,"3, 2015",2015
8/4/2015 0:00,42220,Tuesday,3,Tue,7-Jan-00,8,Aug,August 2015,3,"3, 2015",2015
8/5/2015 0:00,42221,Wednesday,4,Wed,7-Jan-00,8,Aug,August 2015,3,"3, 2015",2015
8/7/2015 0:00,42223,Friday,6,Fri,7-Jan-00,8,Aug,August 2015,3,"3, 2015",2015
8/8/2015 0:00,42224,Saturday,7,Sat,7-Jan-00,8,Aug,August 2015,3,"3, 2015",2015
8/10/2015 0:00,42226,Monday,2,Mon,7-Jan-00,8,Aug,August 2015,3,"3, 2015",2015
8/12/2015 0:00,42228,Wednesday,4,Wed,7-Jan-00,8,Aug,August 2015,3,"3, 2015",2015
8/14/2015 0:00,42230,Friday,6,Fri,7-Jan-00,8,Aug,August 2015,3,"3, 2015",2015
8/17/2015 0:00,42233,Monday,2,Mon,7-Jan-00,8,Aug,August 2015,3,"3, 2015",2015
8/19/2015 0:00,42235,Wednesday,4,Wed,7-Jan-00,8,Aug,August 2015,3,"3, 2015",2015
8/20/2015 0:00,42236,Thursday,5,Thu,7-Jan-00,8,Aug,August 2015,3,"3, 2015",2015
8/22/2015 0:00,42238,Saturday,7,Sat,7-Jan-00,8,Aug,August 2015,3,"3, 2015",2015
8/24/2015 0:00,42240,Monday,2,Mon,7-Jan-00,8,Aug,August 2015,3,"3, 2015",2015
8/25/2015 0:00,42241,Tuesday,3,Tue,7-Jan-00,8,Aug,August 2015,3,"3, 2015",2015
8/26/2015 0:00,42242,Wednesday,4,Wed,7-Jan-00,8,Aug,August 2015,3,"3, 2015",2015
8/27/2015 0:00,42243,Thursday,5,Thu,7-Jan-00,8,Aug,August 2015,3,"3, 2015",2015
8/28/2015 0:00,42244,Friday,6,Fri,7-Jan-00,8,Aug,August 2015,3,"3, 2015",2015
8/29/2015 0:00,42245,Saturday,7,Sat,7-Jan-00,8,Aug,August 2015,3,"3, 2015",2015
9/1/2015 0:00,42248,Tuesday,3,Tue,8-Jan-00,9,Sep,September 2015,3,"3, 2015",2015
9/2/2015 0:00,42249,Wednesday,4,Wed,8-Jan-00,9,Sep,September 2015,3,"3, 2015",2015
9/3/2015 0:00,42250,Thursday,5,Thu,8-Jan-00,9,Sep,September 2015,3,"3, 2015",2015
9/4/2015 0:00,42251,Friday,6,Fri,8-Jan-00,9,Sep,September 2015,3,"3, 2015",2015
9/5/2015 0:00,42252,Saturday,7,Sat,8-Jan-00,9,Sep,September 2015,3,"3, 2015",2015
9/7/2015 0:00,42254,Monday,2,Mon,8-Jan-00,9,Sep,September 2015,3,"3, 2015",2015
1/26/2015 0:00,42030,Monday,2,Mon,0-Jan-00,1,Jan,January 2015,1,"1, 2015",2015
1/31/2015 0:00,42035,Saturday,7,Sat,0-Jan-00,1,Jan,January 2015,1,"1, 2015",2015
2/18/2015 0:00,42053,Wednesday,4,Wed,1-Jan-00,2,Feb,February 2015,1,"1, 2015",2015
2/21/2015 0:00,42056,Saturday,7,Sat,1-Jan-00,2,Feb,February 2015,1,"1, 2015",2015
3/5/2015 0:00,42068,Thursday,5,Thu,2-Jan-00,3,Mar,March 2015,1,"1, 2015",2015
3/7/2015 0:00,42070,Saturday,7,Sat,2-Jan-00,3,Mar,March 2015,1,"1, 2015",2015
3/17/2015 0:00,42080,Tuesday,3,Tue,2-Jan-00,3,Mar,March 2015,1,"1, 2015",2015
3/23/2015 0:00,42086,Monday,2,Mon,2-Jan-00,3,Mar,March 2015,1,"1, 2015",2015
3/31/2015 0:00,42094,Tuesday,3,Tue,2-Jan-00,3,Mar,March 2015,1,"1, 2015",2015
4/1/2015 0:00,42095,Wednesday,4,Wed,3-Jan-00,4,Apr,April 2015,2,"2, 2015",2015
4/4/2015 0:00,42098,Saturday,7,Sat,3-Jan-00,4,Apr,April 2015,2,"2, 2015",2015
4/13/2015 0:00,42107,Monday,2,Mon,3-Jan-00,4,Apr,April 2015,2,"2, 2015",2015
4/18/2015 0:00,42112,Saturday,7,Sat,3-Jan-00,4,Apr,April 2015,2,"2, 2015",2015
5/9/2015 0:00,42133,Saturday,7,Sat,4-Jan-00,5,May,May 2015,2,"2, 2015",2015
5/14/2015 0:00,42138,Thursday,5,Thu,4-Jan-00,5,May,May 2015,2,"2, 2015",2015
5/22/2015 0:00,42146,Friday,6,Fri,4-Jan-00,5,May,May 2015,2,"2, 2015",2015
5/25/2015 0:00,42149,Monday,2,Mon,4-Jan-00,5,May,May 2015,2,"2, 2015",2015
6/16/2015 0:00,42171,Tuesday,3,Tue,5-Jan-00,6,Jun,June 2015,2,"2, 2015",2015
6/19/2015 0:00,42174,Friday,6,Fri,5-Jan-00,6,Jun,June 2015,2,"2, 2015",2015
6/22/2015 0:00,42177,Monday,2,Mon,5-Jan-00,6,Jun,June 2015,2,"2, 2015",2015
6/23/2015 0:00,42178,Tuesday,3,Tue,5-Jan-00,6,Jun,June 2015,2,"2, 2015",2015
7/4/2015 0:00,42189,Saturday,7,Sat,6-Jan-00,7,Jul,July 2015,3,"3, 2015",2015
7/10/2015 0:00,42195,Friday,6,Fri,6-Jan-00,7,Jul,July 2015,3,"3, 2015",2015
7/29/2015 0:00,42214,Wednesday,4,Wed,6-Jan-00,7,Jul,July 2015,3,"3, 2015",2015
8/1/2015 0:00,42217,Saturday,7,Sat,7-Jan-00,8,Aug,August 2015,3,"3, 2015",2015
8/6/2015 0:00,42222,Thursday,5,Thu,7-Jan-00,8,Aug,August 2015,3,"3, 2015",2015
8/11/2015 0:00,42227,Tuesday,3,Tue,7-Jan-00,8,Aug,August 2015,3,"3, 2015",2015
8/13/2015 0:00,42229,Thursday,5,Thu,7-Jan-00,8,Aug,August 2015,3,"3, 2015",2015
8/15/2015 0:00,42231,Saturday,7,Sat,7-Jan-00,8,Aug,August 2015,3,"3, 2015",2015
8/18/2015 0:00,42234,Tuesday,3,Tue,7-Jan-00,8,Aug,August 2015,3,"3, 2015",2015
8/21/2015 0:00,42237,Friday,6,Fri,7-Jan-00,8,Aug,August 2015,3,"3, 2015",2015
8/31/2015 0:00,42247,Monday,2,Mon,7-Jan-00,8,Aug,August 2015,3,"3, 2015",2015
1/2/2015 0:00,42006,Friday,6,Fri,0-Jan-00,1,Jan,January 2015,1,"1, 2015",2015
1/22/2015 0:00,42026,Thursday,5,Thu,0-Jan-00,1,Jan,January 2015,1,"1, 2015",2015
1/29/2015 0:00,42033,Thursday,5,Thu,0-Jan-00,1,Jan,January 2015,1,"1, 2015",2015
3/2/2015 0:00,42065,Monday,2,Mon,2-Jan-00,3,Mar,March 2015,1,"1, 2015",2015
3/9/2015 0:00,42072,Monday,2,Mon,2-Jan-00,3,Mar,March 2015,1,"1, 2015",2015
5/6/2015 0:00,42130,Wednesday,4,Wed,4-Jan-00,5,May,May 2015,2,"2, 2015",2015
7/11/2015 0:00,42196,Saturday,7,Sat,6-Jan-00,7,Jul,July 2015,3,"3, 2015",2015
2/13/2015 0:00,42048,Friday,6,Fri,1-Jan-00,2,Feb,February 2015,1,"1, 2015",2015
3/21/2015 0:00,42084,Saturday,7,Sat,2-Jan-00,3,Mar,March 2015,1,"1, 2015",2015
1/30/2015 0:00,42034,Friday,6,Fri,0-Jan-00,1,Jan,January 2015,1,"1, 2015",2015
2/7/2015 0:00,42042,Saturday,7,Sat,1-Jan-00,2,Feb,February 2015,1,"1, 2015",2015
9/8/2015 0:00,42255,Tuesday,3,Tue,8-Jan-00,9,Sep,September 2015,3,"3, 2015",2015
9/9/2015 0:00,42256,Wednesday,4,Wed,8-Jan-00,9,Sep,September 2015,3,"3, 2015",2015
9/10/2015 0:00,42257,Thursday,5,Thu,8-Jan-00,9,Sep,September 2015,3,"3, 2015",2015
9/12/2015 0:00,42259,Saturday,7,Sat,8-Jan-00,9,Sep,September 2015,3,"3, 2015",2015
9/14/2015 0:00,42261,Monday,2,Mon,8-Jan-00,9,Sep,September 2015,3,"3, 2015",2015
9/15/2015 0:00,42262,Tuesday,3,Tue,8-Jan-00,9,Sep,September 2015,3,"3, 2015",2015
9/16/2015 0:00,42263,Wednesday,4,Wed,8-Jan-00,9,Sep,September 2015,3,"3, 2015",2015
9/17/2015 0:00,42264,Thursday,5,Thu,8-Jan-00,9,Sep,September 2015,3,"3, 2015",2015
9/18/2015 0:00,42265,Friday,6,Fri,8-Jan-00,9,Sep,September 2015,3,"3, 2015",2015
9/19/2015 0:00,42266,Saturday,7,Sat,8-Jan-00,9,Sep,September 2015,3,"3, 2015",2015
9/21/2015 0:00,42268,Monday,2,Mon,8-Jan-00,9,Sep,September 2015,3,"3, 2015",2015
9/22/2015 0:00,42269,Tuesday,3,Tue,8-Jan-00,9,Sep,September 2015,3,"3, 2015",2015
9/23/2015 0:00,42270,Wednesday,4,Wed,8-Jan-00,9,Sep,September 2015,3,"3, 2015",2015
9/24/2015 0:00,42271,Thursday,5,Thu,8-Jan-00,9,Sep,September 2015,3,"3, 2015",2015
9/25/2015 0:00,42272,Friday,6,Fri,8-Jan-00,9,Sep,September 2015,3,"3, 2015",2015
9/26/2015 0:00,42273,Saturday,7,Sat,8-Jan-00,9,Sep,September 2015,3,"3, 2015",2015
9/28/2015 0:00,42275,Monday,2,Mon,8-Jan-00,9,Sep,September 2015,3,"3, 2015",2015
9/29/2015 0:00,42276,Tuesday,3,Tue,8-Jan-00,9,Sep,September 2015,3,"3, 2015",2015
9/30/2015 0:00,42277,Wednesday,4,Wed,8-Jan-00,9,Sep,September 2015,3,"3, 2015",2015
10/1/2015 0:00,42278,Thursday,5,Thu,9-Jan-00,10,Oct,October 2015,4,"4, 2015",2015
10/2/2015 0:00,42279,Friday,6,Fri,9-Jan-00,10,Oct,October 2015,4,"4, 2015",2015
10/3/2015 0:00,42280,Saturday,7,Sat,9-Jan-00,10,Oct,October 2015,4,"4, 2015",2015
10/5/2015 0:00,42282,Monday,2,Mon,9-Jan-00,10,Oct,October 2015,4,"4, 2015",2015
10/6/2015 0:00,42283,Tuesday,3,Tue,9-Jan-00,10,Oct,October 2015,4,"4, 2015",2015
10/7/2015 0:00,42284,Wednesday,4,Wed,9-Jan-00,10,Oct,October 2015,4,"4, 2015",2015
10/9/2015 0:00,42286,Friday,6,Fri,9-Jan-00,10,Oct,October 2015,4,"4, 2015",2015
10/10/2015 0:00,42287,Saturday,7,Sat,9-Jan-00,10,Oct,October 2015,4,"4, 2015",2015
10/12/2015 0:00,42289,Monday,2,Mon,9-Jan-00,10,Oct,October 2015,4,"4, 2015",2015
10/13/2015 0:00,42290,Tuesday,3,Tue,9-Jan-00,10,Oct,October 2015,4,"4, 2015",2015
10/14/2015 0:00,42291,Wednesday,4,Wed,9-Jan-00,10,Oct,October 2015,4,"4, 2015",2015
10/15/2015 0:00,42292,Thursday,5,Thu,9-Jan-00,10,Oct,October 2015,4,"4, 2015",2015
10/16/2015 0:00,42293,Friday,6,Fri,9-Jan-00,10,Oct,October 2015,4,"4, 2015",2015
10/17/2015 0:00,42294,Saturday,7,Sat,9-Jan-00,10,Oct,October 2015,4,"4, 2015",2015
10/19/2015 0:00,42296,Monday,2,Mon,9-Jan-00,10,Oct,October 2015,4,"4, 2015",2015
10/20/2015 0:00,42297,Tuesday,3,Tue,9-Jan-00,10,Oct,October 2015,4,"4, 2015",2015
10/21/2015 0:00,42298,Wednesday,4,Wed,9-Jan-00,10,Oct,October 2015,4,"4, 2015",2015
10/22/2015 0:00,42299,Thursday,5,Thu,9-Jan-00,10,Oct,October 2015,4,"4, 2015",2015
10/23/2015 0:00,42300,Friday,6,Fri,9-Jan-00,10,Oct,October 2015,4,"4, 2015",2015
10/24/2015 0:00,42301,Saturday,7,Sat,9-Jan-00,10,Oct,October 2015,4,"4, 2015",2015
10/27/2015 0:00,42304,Tuesday,3,Tue,9-Jan-00,10,Oct,October 2015,4,"4, 2015",2015
10/28/2015 0:00,42305,Wednesday,4,Wed,9-Jan-00,10,Oct,October 2015,4,"4, 2015",2015
10/29/2015 0:00,42306,Thursday,5,Thu,9-Jan-00,10,Oct,October 2015,4,"4, 2015",2015
10/30/2015 0:00,42307,Friday,6,Fri,9-Jan-00,10,Oct,October 2015,4,"4, 2015",2015
10/31/2015 0:00,42308,Saturday,7,Sat,9-Jan-00,10,Oct,October 2015,4,"4, 2015",2015
11/2/2015 0:00,42310,Monday,2,Mon,10-Jan-00,11,Nov,November 2015,4,"4, 2015",2015
11/3/2015 0:00,42311,Tuesday,3,Tue,10-Jan-00,11,Nov,November 2015,4,"4, 2015",2015
11/4/2015 0:00,42312,Wednesday,4,Wed,10-Jan-00,11,Nov,November 2015,4,"4, 2015",2015
11/5/2015 0:00,42313,Thursday,5,Thu,10-Jan-00,11,Nov,November 2015,4,"4, 2015",2015
11/6/2015 0:00,42314,Friday,6,Fri,10-Jan-00,11,Nov,November 2015,4,"4, 2015",2015
11/9/2015 0:00,42317,Monday,2,Mon,10-Jan-00,11,Nov,November 2015,4,"4, 2015",2015
11/10/2015 0:00,42318,Tuesday,3,Tue,10-Jan-00,11,Nov,November 2015,4,"4, 2015",2015
11/11/2015 0:00,42319,Wednesday,4,Wed,10-Jan-00,11,Nov,November 2015,4,"4, 2015",2015
11/12/2015 0:00,42320,Thursday,5,Thu,10-Jan-00,11,Nov,November 2015,4,"4, 2015",2015
11/13/2015 0:00,42321,Friday,6,Fri,10-Jan-00,11,Nov,November 2015,4,"4, 2015",2015
11/14/2015 0:00,42322,Saturday,7,Sat,10-Jan-00,11,Nov,November 2015,4,"4, 2015",2015
11/17/2015 0:00,42325,Tuesday,3,Tue,10-Jan-00,11,Nov,November 2015,4,"4, 2015",2015
11/18/2015 0:00,42326,Wednesday,4,Wed,10-Jan-00,11,Nov,November 2015,4,"4, 2015",2015
11/20/2015 0:00,42328,Friday,6,Fri,10-Jan-00,11,Nov,November 2015,4,"4, 2015",2015
11/23/2015 0:00,42331,Monday,2,Mon,10-Jan-00,11,Nov,November 2015,4,"4, 2015",2015
11/24/2015 0:00,42332,Tuesday,3,Tue,10-Jan-00,11,Nov,November 2015,4,"4, 2015",2015
11/25/2015 0:00,42333,Wednesday,4,Wed,10-Jan-00,11,Nov,November 2015,4,"4, 2015",2015
11/26/2015 0:00,42334,Thursday,5,Thu,10-Jan-00,11,Nov,November 2015,4,"4, 2015",2015
11/27/2015 0:00,42335,Friday,6,Fri,10-Jan-00,11,Nov,November 2015,4,"4, 2015",2015
11/30/2015 0:00,42338,Monday,2,Mon,10-Jan-00,11,Nov,November 2015,4,"4, 2015",2015
12/1/2015 0:00,42339,Tuesday,3,Tue,11-Jan-00,12,Dec,December 2015,4,"4, 2015",2015
12/2/2015 0:00,42340,Wednesday,4,Wed,11-Jan-00,12,Dec,December 2015,4,"4, 2015",2015
12/3/2015 0:00,42341,Thursday,5,Thu,11-Jan-00,12,Dec,December 2015,4,"4, 2015",2015
12/4/2015 0:00,42342,Friday,6,Fri,11-Jan-00,12,Dec,December 2015,4,"4, 2015",2015
12/5/2015 0:00,42343,Saturday,7,Sat,11-Jan-00,12,Dec,December 2015,4,"4, 2015",2015
12/9/2015 0:00,42347,Wednesday,4,Wed,11-Jan-00,12,Dec,December 2015,4,"4, 2015",2015
12/10/2015 0:00,42348,Thursday,5,Thu,11-Jan-00,12,Dec,December 2015,4,"4, 2015",2015
12/11/2015 0:00,42349,Friday,6,Fri,11-Jan-00,12,Dec,December 2015,4,"4, 2015",2015
12/12/2015 0:00,42350,Saturday,7,Sat,11-Jan-00,12,Dec,December 2015,4,"4, 2015",2015
12/14/2015 0:00,42352,Monday,2,Mon,11-Jan-00,12,Dec,December 2015,4,"4, 2015",2015
12/15/2015 0:00,42353,Tuesday,3,Tue,11-Jan-00,12,Dec,December 2015,4,"4, 2015",2015
12/16/2015 0:00,42354,Wednesday,4,Wed,11-Jan-00,12,Dec,December 2015,4,"4, 2015",2015
12/17/2015 0:00,42355,Thursday,5,Thu,11-Jan-00,12,Dec,December 2015,4,"4, 2015",2015
12/18/2015 0:00,42356,Friday,6,Fri,11-Jan-00,12,Dec,December 2015,4,"4, 2015",2015
12/19/2015 0:00,42357,Saturday,7,Sat,11-Jan-00,12,Dec,December 2015,4,"4, 2015",2015
12/22/2015 0:00,42360,Tuesday,3,Tue,11-Jan-00,12,Dec,December 2015,4,"4, 2015",2015
12/23/2015 0:00,42361,Wednesday,4,Wed,11-Jan-00,12,Dec,December 2015,4,"4, 2015",2015
12/24/2015 0:00,42362,Thursday,5,Thu,11-Jan-00,12,Dec,December 2015,4,"4, 2015",2015
12/25/2015 0:00,42363,Friday,6,Fri,11-Jan-00,12,Dec,December 2015,4,"4, 2015",2015
12/28/2015 0:00,42366,Monday,2,Mon,11-Jan-00,12,Dec,December 2015,4,"4, 2015",2015
12/29/2015 0:00,42367,Tuesday,3,Tue,11-Jan-00,12,Dec,December 2015,4,"4, 2015",2015
12/30/2015 0:00,42368,Wednesday,4,Wed,11-Jan-00,12,Dec,December 2015,4,"4, 2015",2015
12/31/2015 0:00,42369,Thursday,5,Thu,11-Jan-00,12,Dec,December 2015,4,"4, 2015",2015
9/11/2015 0:00,42258,Friday,6,Fri,8-Jan-00,9,Sep,September 2015,3,"3, 2015",2015
10/26/2015 0:00,42303,Monday,2,Mon,9-Jan-00,10,Oct,October 2015,4,"4, 2015",2015
11/7/2015 0:00,42315,Saturday,7,Sat,10-Jan-00,11,Nov,November 2015,4,"4, 2015",2015
11/28/2015 0:00,42336,Saturday,7,Sat,10-Jan-00,11,Nov,November 2015,4,"4, 2015",2015
12/7/2015 0:00,42345,Monday,2,Mon,11-Jan-00,12,Dec,December 2015,4,"4, 2015",2015
12/8/2015 0:00,42346,Tuesday,3,Tue,11-Jan-00,12,Dec,December 2015,4,"4, 2015",2015
12/26/2015 0:00,42364,Saturday,7,Sat,11-Jan-00,12,Dec,December 2015,4,"4, 2015",2015
10/8/2015 0:00,42285,Thursday,5,Thu,9-Jan-00,10,Oct,October 2015,4,"4, 2015",2015
11/16/2015 0:00,42324,Monday,2,Mon,10-Jan-00,11,Nov,November 2015,4,"4, 2015",2015
11/19/2015 0:00,42327,Thursday,5,Thu,10-Jan-00,11,Nov,November 2015,4,"4, 2015",2015
11/21/2015 0:00,42329,Saturday,7,Sat,10-Jan-00,11,Nov,November 2015,4,"4, 2015",2015
12/21/2015 0:00,42359,Monday,2,Mon,11-Jan-00,12,Dec,December 2015,4,"4, 2015",2015
1/1/2016 0:00,42370,Friday,6,Fri,0-Jan-00,1,Jan,January 2016,1,"1, 2016",2016
1/2/2016 0:00,42371,Saturday,7,Sat,0-Jan-00,1,Jan,January 2016,1,"1, 2016",2016
1/4/2016 0:00,42373,Monday,2,Mon,0-Jan-00,1,Jan,January 2016,1,"1, 2016",2016
1/5/2016 0:00,42374,Tuesday,3,Tue,0-Jan-00,1,Jan,January 2016,1,"1, 2016",2016
1/6/2016 0:00,42375,Wednesday,4,Wed,0-Jan-00,1,Jan,January 2016,1,"1, 2016",2016
1/7/2016 0:00,42376,Thursday,5,Thu,0-Jan-00,1,Jan,January 2016,1,"1, 2016",2016
1/8/2016 0:00,42377,Friday,6,Fri,0-Jan-00,1,Jan,January 2016,1,"1, 2016",2016
1/12/2016 0:00,42381,Tuesday,3,Tue,0-Jan-00,1,Jan,January 2016,1,"1, 2016",2016
1/13/2016 0:00,42382,Wednesday,4,Wed,0-Jan-00,1,Jan,January 2016,1,"1, 2016",2016
1/14/2016 0:00,42383,Thursday,5,Thu,0-Jan-00,1,Jan,January 2016,1,"1, 2016",2016
1/15/2016 0:00,42384,Friday,6,Fri,0-Jan-00,1,Jan,January 2016,1,"1, 2016",2016
1/16/2016 0:00,42385,Saturday,7,Sat,0-Jan-00,1,Jan,January 2016,1,"1, 2016",2016
1/19/2016 0:00,42388,Tuesday,3,Tue,0-Jan-00,1,Jan,January 2016,1,"1, 2016",2016
1/20/2016 0:00,42389,Wednesday,4,Wed,0-Jan-00,1,Jan,January 2016,1,"1, 2016",2016
1/22/2016 0:00,42391,Friday,6,Fri,0-Jan-00,1,Jan,January 2016,1,"1, 2016",2016
1/23/2016 0:00,42392,Saturday,7,Sat,0-Jan-00,1,Jan,January 2016,1,"1, 2016",2016
1/26/2016 0:00,42395,Tuesday,3,Tue,0-Jan-00,1,Jan,January 2016,1,"1, 2016",2016
1/27/2016 0:00,42396,Wednesday,4,Wed,0-Jan-00,1,Jan,January 2016,1,"1, 2016",2016
1/28/2016 0:00,42397,Thursday,5,Thu,0-Jan-00,1,Jan,January 2016,1,"1, 2016",2016
1/29/2016 0:00,42398,Friday,6,Fri,0-Jan-00,1,Jan,January 2016,1,"1, 2016",2016
1/30/2016 0:00,42399,Saturday,7,Sat,0-Jan-00,1,Jan,January 2016,1,"1, 2016",2016
2/1/2016 0:00,42401,Monday,2,Mon,1-Jan-00,2,Feb,February 2016,1,"1, 2016",2016
2/2/2016 0:00,42402,Tuesday,3,Tue,1-Jan-00,2,Feb,February 2016,1,"1, 2016",2016
2/3/2016 0:00,42403,Wednesday,4,Wed,1-Jan-00,2,Feb,February 2016,1,"1, 2016",2016
2/4/2016 0:00,42404,Thursday,5,Thu,1-Jan-00,2,Feb,February 2016,1,"1, 2016",2016
2/5/2016 0:00,42405,Friday,6,Fri,1-Jan-00,2,Feb,February 2016,1,"1, 2016",2016
2/6/2016 0:00,42406,Saturday,7,Sat,1-Jan-00,2,Feb,February 2016,1,"1, 2016",2016
2/12/2016 0:00,42412,Friday,6,Fri,1-Jan-00,2,Feb,February 2016,1,"1, 2016",2016
2/13/2016 0:00,42413,Saturday,7,Sat,1-Jan-00,2,Feb,February 2016,1,"1, 2016",2016
2/15/2016 0:00,42415,Monday,2,Mon,1-Jan-00,2,Feb,February 2016,1,"1, 2016",2016
2/16/2016 0:00,42416,Tuesday,3,Tue,1-Jan-00,2,Feb,February 2016,1,"1, 2016",2016
2/17/2016 0:00,42417,Wednesday,4,Wed,1-Jan-00,2,Feb,February 2016,1,"1, 2016",2016
2/18/2016 0:00,42418,Thursday,5,Thu,1-Jan-00,2,Feb,February 2016,1,"1, 2016",2016
2/19/2016 0:00,42419,Friday,6,Fri,1-Jan-00,2,Feb,February 2016,1,"1, 2016",2016
2/20/2016 0:00,42420,Saturday,7,Sat,1-Jan-00,2,Feb,February 2016,1,"1, 2016",2016
2/23/2016 0:00,42423,Tuesday,3,Tue,1-Jan-00,2,Feb,February 2016,1,"1, 2016",2016
2/24/2016 0:00,42424,Wednesday,4,Wed,1-Jan-00,2,Feb,February 2016,1,"1, 2016",2016
2/25/2016 0:00,42425,Thursday,5,Thu,1-Jan-00,2,Feb,February 2016,1,"1, 2016",2016
2/26/2016 0:00,42426,Friday,6,Fri,1-Jan-00,2,Feb,February 2016,1,"1, 2016",2016
2/27/2016 0:00,42427,Saturday,7,Sat,1-Jan-00,2,Feb,February 2016,1,"1, 2016",2016
2/29/2016 0:00,42429,Monday,2,Mon,1-Jan-00,2,Feb,February 2016,1,"1, 2016",2016
3/1/2016 0:00,42430,Tuesday,3,Tue,2-Jan-00,3,Mar,March 2016,1,"1, 2016",2016
3/2/2016 0:00,42431,Wednesday,4,Wed,2-Jan-00,3,Mar,March 2016,1,"1, 2016",2016
3/3/2016 0:00,42432,Thursday,5,Thu,2-Jan-00,3,Mar,March 2016,1,"1, 2016",2016
3/4/2016 0:00,42433,Friday,6,Fri,2-Jan-00,3,Mar,March 2016,1,"1, 2016",2016
3/5/2016 0:00,42434,Saturday,7,Sat,2-Jan-00,3,Mar,March 2016,1,"1, 2016",2016
3/7/2016 0:00,42436,Monday,2,Mon,2-Jan-00,3,Mar,March 2016,1,"1, 2016",2016
3/8/2016 0:00,42437,Tuesday,3,Tue,2-Jan-00,3,Mar,March 2016,1,"1, 2016",2016
3/9/2016 0:00,42438,Wednesday,4,Wed,2-Jan-00,3,Mar,March 2016,1,"1, 2016",2016
3/10/2016 0:00,42439,Thursday,5,Thu,2-Jan-00,3,Mar,March 2016,1,"1, 2016",2016
3/11/2016 0:00,42440,Friday,6,Fri,2-Jan-00,3,Mar,March 2016,1,"1, 2016",2016
3/12/2016 0:00,42441,Saturday,7,Sat,2-Jan-00,3,Mar,March 2016,1,"1, 2016",2016
3/14/2016 0:00,42443,Monday,2,Mon,2-Jan-00,3,Mar,March 2016,1,"1, 2016",2016
3/15/2016 0:00,42444,Tuesday,3,Tue,2-Jan-00,3,Mar,March 2016,1,"1, 2016",2016
3/16/2016 0:00,42445,Wednesday,4,Wed,2-Jan-00,3,Mar,March 2016,1,"1, 2016",2016
3/17/2016 0:00,42446,Thursday,5,Thu,2-Jan-00,3,Mar,March 2016,1,"1, 2016",2016
3/18/2016 0:00,42447,Friday,6,Fri,2-Jan-00,3,Mar,March 2016,1,"1, 2016",2016
3/21/2016 0:00,42450,Monday,2,Mon,2-Jan-00,3,Mar,March 2016,1,"1, 2016",2016
3/22/2016 0:00,42451,Tuesday,3,Tue,2-Jan-00,3,Mar,March 2016,1,"1, 2016",2016
3/23/2016 0:00,42452,Wednesday,4,Wed,2-Jan-00,3,Mar,March 2016,1,"1, 2016",2016
3/25/2016 0:00,42454,Friday,6,Fri,2-Jan-00,3,Mar,March 2016,1,"1, 2016",2016
3/26/2016 0:00,42455,Saturday,7,Sat,2-Jan-00,3,Mar,March 2016,1,"1, 2016",2016
3/28/2016 0:00,42457,Monday,2,Mon,2-Jan-00,3,Mar,March 2016,1,"1, 2016",2016
3/29/2016 0:00,42458,Tuesday,3,Tue,2-Jan-00,3,Mar,March 2016,1,"1, 2016",2016
3/30/2016 0:00,42459,Wednesday,4,Wed,2-Jan-00,3,Mar,March 2016,1,"1, 2016",2016
3/31/2016 0:00,42460,Thursday,5,Thu,2-Jan-00,3,Mar,March 2016,1,"1, 2016",2016
4/1/2016 0:00,42461,Friday,6,Fri,3-Jan-00,4,Apr,April 2016,2,"2, 2016",2016
4/4/2016 0:00,42464,Monday,2,Mon,3-Jan-00,4,Apr,April 2016,2,"2, 2016",2016
4/5/2016 0:00,42465,Tuesday,3,Tue,3-Jan-00,4,Apr,April 2016,2,"2, 2016",2016
4/6/2016 0:00,42466,Wednesday,4,Wed,3-Jan-00,4,Apr,April 2016,2,"2, 2016",2016
4/7/2016 0:00,42467,Thursday,5,Thu,3-Jan-00,4,Apr,April 2016,2,"2, 2016",2016
4/8/2016 0:00,42468,Friday,6,Fri,3-Jan-00,4,Apr,April 2016,2,"2, 2016",2016
4/9/2016 0:00,42469,Saturday,7,Sat,3-Jan-00,4,Apr,April 2016,2,"2, 2016",2016
4/11/2016 0:00,42471,Monday,2,Mon,3-Jan-00,4,Apr,April 2016,2,"2, 2016",2016
4/12/2016 0:00,42472,Tuesday,3,Tue,3-Jan-00,4,Apr,April 2016,2,"2, 2016",2016
4/13/2016 0:00,42473,Wednesday,4,Wed,3-Jan-00,4,Apr,April 2016,2,"2, 2016",2016
4/14/2016 0:00,42474,Thursday,5,Thu,3-Jan-00,4,Apr,April 2016,2,"2, 2016",2016
4/16/2016 0:00,42476,Saturday,7,Sat,3-Jan-00,4,Apr,April 2016,2,"2, 2016",2016
4/18/2016 0:00,42478,Monday,2,Mon,3-Jan-00,4,Apr,April 2016,2,"2, 2016",2016
4/19/2016 0:00,42479,Tuesday,3,Tue,3-Jan-00,4,Apr,April 2016,2,"2, 2016",2016
4/21/2016 0:00,42481,Thursday,5,Thu,3-Jan-00,4,Apr,April 2016,2,"2, 2016",2016
4/22/2016 0:00,42482,Friday,6,Fri,3-Jan-00,4,Apr,April 2016,2,"2, 2016",2016
4/26/2016 0:00,42486,Tuesday,3,Tue,3-Jan-00,4,Apr,April 2016,2,"2, 2016",2016
4/27/2016 0:00,42487,Wednesday,4,Wed,3-Jan-00,4,Apr,April 2016,2,"2, 2016",2016
4/28/2016 0:00,42488,Thursday,5,Thu,3-Jan-00,4,Apr,April 2016,2,"2, 2016",2016
4/29/2016 0:00,42489,Friday,6,Fri,3-Jan-00,4,Apr,April 2016,2,"2, 2016",2016
4/30/2016 0:00,42490,Saturday,7,Sat,3-Jan-00,4,Apr,April 2016,2,"2, 2016",2016
5/4/2016 0:00,42494,Wednesday,4,Wed,4-Jan-00,5,May,May 2016,2,"2, 2016",2016
5/5/2016 0:00,42495,Thursday,5,Thu,4-Jan-00,5,May,May 2016,2,"2, 2016",2016
5/6/2016 0:00,42496,Friday,6,Fri,4-Jan-00,5,May,May 2016,2,"2, 2016",2016
5/7/2016 0:00,42497,Saturday,7,Sat,4-Jan-00,5,May,May 2016,2,"2, 2016",2016
5/9/2016 0:00,42499,Monday,2,Mon,4-Jan-00,5,May,May 2016,2,"2, 2016",2016
5/10/2016 0:00,42500,Tuesday,3,Tue,4-Jan-00,5,May,May 2016,2,"2, 2016",2016
5/11/2016 0:00,42501,Wednesday,4,Wed,4-Jan-00,5,May,May 2016,2,"2, 2016",2016
5/12/2016 0:00,42502,Thursday,5,Thu,4-Jan-00,5,May,May 2016,2,"2, 2016",2016
5/13/2016 0:00,42503,Friday,6,Fri,4-Jan-00,5,May,May 2016,2,"2, 2016",2016
5/14/2016 0:00,42504,Saturday,7,Sat,4-Jan-00,5,May,May 2016,2,"2, 2016",2016
5/16/2016 0:00,42506,Monday,2,Mon,4-Jan-00,5,May,May 2016,2,"2, 2016",2016
5/17/2016 0:00,42507,Tuesday,3,Tue,4-Jan-00,5,May,May 2016,2,"2, 2016",2016
5/18/2016 0:00,42508,Wednesday,4,Wed,4-Jan-00,5,May,May 2016,2,"2, 2016",2016
5/19/2016 0:00,42509,Thursday,5,Thu,4-Jan-00,5,May,May 2016,2,"2, 2016",2016
5/20/2016 0:00,42510,Friday,6,Fri,4-Jan-00,5,May,May 2016,2,"2, 2016",2016
5/23/2016 0:00,42513,Monday,2,Mon,4-Jan-00,5,May,May 2016,2,"2, 2016",2016
5/24/2016 0:00,42514,Tuesday,3,Tue,4-Jan-00,5,May,May 2016,2,"2, 2016",2016
5/25/2016 0:00,42515,Wednesday,4,Wed,4-Jan-00,5,May,May 2016,2,"2, 2016",2016
5/26/2016 0:00,42516,Thursday,5,Thu,4-Jan-00,5,May,May 2016,2,"2, 2016",2016
5/27/2016 0:00,42517,Friday,6,Fri,4-Jan-00,5,May,May 2016,2,"2, 2016",2016
5/30/2016 0:00,42520,Monday,2,Mon,4-Jan-00,5,May,May 2016,2,"2, 2016",2016
5/31/2016 0:00,42521,Tuesday,3,Tue,4-Jan-00,5,May,May 2016,2,"2, 2016",2016
1/9/2016 0:00,42378,Saturday,7,Sat,0-Jan-00,1,Jan,January 2016,1,"1, 2016",2016
1/18/2016 0:00,42387,Monday,2,Mon,0-Jan-00,1,Jan,January 2016,1,"1, 2016",2016
1/21/2016 0:00,42390,Thursday,5,Thu,0-Jan-00,1,Jan,January 2016,1,"1, 2016",2016
2/8/2016 0:00,42408,Monday,2,Mon,1-Jan-00,2,Feb,February 2016,1,"1, 2016",2016
2/9/2016 0:00,42409,Tuesday,3,Tue,1-Jan-00,2,Feb,February 2016,1,"1, 2016",2016
2/10/2016 0:00,42410,Wednesday,4,Wed,1-Jan-00,2,Feb,February 2016,1,"1, 2016",2016
2/11/2016 0:00,42411,Thursday,5,Thu,1-Jan-00,2,Feb,February 2016,1,"1, 2016",2016
3/24/2016 0:00,42453,Thursday,5,Thu,2-Jan-00,3,Mar,March 2016,1,"1, 2016",2016
4/2/2016 0:00,42462,Saturday,7,Sat,3-Jan-00,4,Apr,April 2016,2,"2, 2016",2016
4/15/2016 0:00,42475,Friday,6,Fri,3-Jan-00,4,Apr,April 2016,2,"2, 2016",2016
4/23/2016 0:00,42483,Saturday,7,Sat,3-Jan-00,4,Apr,April 2016,2,"2, 2016",2016
5/2/2016 0:00,42492,Monday,2,Mon,4-Jan-00,5,May,May 2016,2,"2, 2016",2016
5/3/2016 0:00,42493,Tuesday,3,Tue,4-Jan-00,5,May,May 2016,2,"2, 2016",2016
5/28/2016 0:00,42518,Saturday,7,Sat,4-Jan-00,5,May,May 2016,2,"2, 2016",2016
1/25/2016 0:00,42394,Monday,2,Mon,0-Jan-00,1,Jan,January 2016,1,"1, 2016",2016
2/22/2016 0:00,42422,Monday,2,Mon,1-Jan-00,2,Feb,February 2016,1,"1, 2016",2016
3/19/2016 0:00,42448,Saturday,7,Sat,2-Jan-00,3,Mar,March 2016,1,"1, 2016",2016
4/20/2016 0:00,42480,Wednesday,4,Wed,3-Jan-00,4,Apr,April 2016,2,"2, 2016",2016
1/11/2016 0:00,42380,Monday,2,Mon,0-Jan-00,1,Jan,January 2016,1,"1, 2016",2016
4/25/2016 0:00,42485,Monday,2,Mon,3-Jan-00,4,Apr,April 2016,2,"2, 2016",2016
5/21/2016 0:00,42511,Saturday,7,Sat,4-Jan-00,5,May,May 2016,2,"2, 2016",2016
